team_name,round,signed_players,MLB_players,total_WAR,batter_games,batter_WAR,pitcher_games,pitcher_WAR,4yr_count,HS_count,JC_count,Southeast_count,"WestCoast_count,",Southwest_count,Northeast_count,Midwest_count,Canada_count,Other_count
MLB_totals,1,757,481,3257.8,122149,1940.3,31602,1323.3,384,357,16,303,179,139,71,50,8,7
MLB_totals,2,518,230,943,43045,597.6,14357,347.8,254,249,15,201,129,95,41,43,3,6
MLB_totals,3,489,182,469.8,27587,294.3,9280,173.4,282,176,31,184,120,95,44,38,1,7
MLB_totals,4,485,162,417.6,21482,180.6,9066,238.7,272,177,36,179,116,92,46,35,8,9
MLB_totals,5,479,141,265.4,17907,140,8681,126.3,316,128,35,168,96,110,48,43,5,9
MLB_totals,6,480,119,237.4,13051,154.4,5539,85.7,302,135,43,165,111,99,44,46,4,11
MLB_totals,7,477,94,205,13094,122.1,4732,84.6,316,119,42,153,126,93,45,43,5,12
MLB_totals,8,473,86,296.3,12610,179.6,4407,116.6,326,97,50,165,111,99,49,35,3,11
MLB_totals,9,470,77,174.4,8760,112,4733,61,336,85,49,137,111,108,49,49,2,14
MLB_totals,10,455,72,155.1,8732,103.2,3847,53.2,346,74,35,171,105,81,49,42,4,3
MLB_totals,11,442,71,129.7,8259,85,3140,46.8,288,111,43,152,112,87,44,31,6,10
MLB_totals,12,453,58,69.5,6338,39.2,2971,30.1,305,85,63,167,97,78,49,54,2,6
MLB_totals,13,430,60,77,5672,71.4,2514,6.5,308,67,55,148,86,82,58,48,3,5
MLB_totals,14,418,43,34.9,3011,34.1,1571,1.1,293,65,60,141,93,87,52,40,2,3
MLB_totals,15,399,37,22,1407,2.8,1924,19.2,268,70,61,137,83,75,63,33,5,3
MLB_totals,16,409,44,95.1,5648,50.2,2698,46.8,266,83,60,133,94,75,46,41,7,13
MLB_totals,17,371,41,254.6,10287,207.7,2802,47.1,258,61,52,154,79,56,39,31,4,8
MLB_totals,18,393,30,55,4481,35.9,1785,19.1,275,66,52,134,94,65,55,35,3,7
MLB_totals,19,381,37,58,3590,32.1,2024,25.7,286,46,49,128,88,69,41,46,4,5
MLB_totals,20,355,32,95.8,4108,57.4,3463,38.7,256,46,53,121,75,68,42,42,2,5
MLB_totals,21,366,25,23.9,807,-1,1787,24.9,279,37,50,116,73,78,58,34,1,6
MLB_totals,22,367,23,43.4,2716,29.7,880,14.4,284,38,45,123,88,67,51,35,3,0
MLB_totals,23,368,15,23.2,1447,13.9,1467,9.3,276,47,45,108,84,77,45,45,2,7
MLB_totals,24,379,27,17.3,390,-3.3,1217,20.6,293,35,51,120,89,66,53,41,2,8
MLB_totals,25,343,19,27.5,2514,12,1048,16,260,36,47,119,82,57,38,40,1,6
MLB_totals,26,321,16,14.5,623,0.9,1974,13.7,242,32,47,110,67,64,46,29,2,3
MLB_totals,27,331,16,16.8,799,5.6,872,12,253,34,44,99,64,70,48,41,3,6
MLB_totals,28,308,16,16.5,61,-0.3,1664,16.7,236,32,40,108,65,57,41,35,2,0
MLB_totals,29,273,15,24.2,1957,14.5,526,10.8,204,26,43,99,54,52,35,26,2,5
MLB_totals,30,306,21,30.2,944,2.1,2058,28.1,230,35,41,96,78,61,38,27,3,3
MLB_totals,31,269,14,27.2,1025,23.4,589,3.8,203,29,37,85,58,52,39,31,2,2
MLB_totals,32,252,14,19.3,1220,15.3,632,4.1,202,16,34,72,48,58,36,32,3,3
MLB_totals,33,251,14,29.7,2271,24.3,810,5.4,193,22,36,81,70,38,32,25,5,0
MLB_totals,34,237,14,4.4,367,-1.8,758,6.3,185,28,24,86,48,40,33,21,5,4
MLB_totals,35,203,8,1.2,126,-0.5,295,1.6,160,16,27,62,37,39,35,25,2,3
MLB_totals,36,205,6,-0.7,329,-0.9,53,0.2,155,14,36,65,51,37,35,16,0,1
MLB_totals,37,176,6,0.6,162,0.6,48,0.1,122,23,31,61,40,29,28,16,0,2
MLB_totals,38,170,5,23,1491,11.1,198,11.9,121,22,27,52,34,33,27,21,1,2
MLB_totals,39,138,5,0.3,599,-0.4,74,0.6,95,21,22,44,36,23,20,11,1,3
MLB_totals,40,143,2,4.4,0,0,373,4.4,108,17,18,45,31,21,33,12,1,0
MLB_totals,41,106,5,8.3,14,0.1,426,8.8,75,14,17,33,19,29,13,8,3,1
MLB_totals,42,91,4,13.8,418,4.9,830,8.9,69,10,12,28,17,14,16,15,1,0
MLB_totals,43,86,4,0.7,0,0,262,0.1,54,11,21,33,13,13,14,10,3,0
MLB_totals,44,90,4,-0.2,30,0,66,-0.2,55,15,20,28,17,18,16,11,0,0
MLB_totals,45,72,2,5,0,0,705,5,41,12,19,23,13,13,10,9,0,4
MLB_totals,46,64,1,0.3,0,0,45,0.3,42,6,16,15,15,15,7,12,0,0
MLB_totals,47,65,2,0.1,20,0,84,0.1,33,10,22,22,13,13,9,6,1,1
MLB_totals,48,59,5,7.7,398,1.1,319,6.6,41,6,12,23,15,8,10,2,1,0
MLB_totals,49,59,2,-0.7,23,-0.4,3,-0.3,33,10,16,21,8,9,12,8,0,1
MLB_totals,50,57,2,15.8,885,15.8,0,0,39,9,9,11,14,15,10,5,2,0
Angels,1,15,9,88.2,2283,76,507,12.2,6,9,0,5,3,3,3,1,0,0
Angels,2,7,2,21.9,0,0,323,21.9,1,5,1,5,1,0,1,0,0,0
Angels,3,8,4,-0.5,0,0,165,-0.5,4,1,3,4,3,1,0,0,0,0
Angels,4,10,2,8.1,0,0,174,8.1,4,2,4,7,2,0,0,1,0,0
Angels,5,8,3,0.6,576,0.7,3,-0.1,6,0,2,3,1,4,0,0,0,0
Angels,6,10,2,3.4,80,1.9,36,1.5,5,4,1,2,4,3,0,1,0,0
Angels,7,9,1,2.8,0,0,292,2.8,5,1,3,5,2,1,0,1,0,0
Angels,8,9,2,13.9,803,13.8,0,0,8,0,1,2,2,3,0,2,0,0
Angels,9,9,2,-1.7,0,0,57,-1.7,6,2,1,2,1,4,1,1,0,0
Angels,10,10,1,0,0,0,21,0,10,0,0,2,3,3,2,0,0,0
Angels,11,8,0,0,0,0,0,0,5,3,0,1,3,2,2,0,0,0
Angels,12,9,1,0.1,0,0,0,0,6,2,1,6,2,0,1,0,0,0
Angels,13,8,2,0.1,0,0,318,0.1,7,1,0,6,0,0,0,2,0,0
Angels,14,6,1,0.9,0,0,55,0.9,4,1,1,1,0,4,0,0,0,1
Angels,15,8,1,-0.3,0,0,24,-0.3,6,0,2,3,1,2,1,1,0,0
Angels,16,8,2,-1.5,0,0,4,-0.1,2,1,5,4,1,3,0,0,0,0
Angels,17,8,1,0.4,0,0,0,0,4,4,0,3,2,2,1,0,0,0
Angels,18,8,0,0,0,0,0,0,5,0,3,4,1,2,0,1,0,0
Angels,19,6,0,0,0,0,0,0,5,0,1,3,1,1,1,0,0,0
Angels,20,9,0,0,0,0,0,0,6,0,3,6,0,1,1,1,0,0
Angels,21,10,0,0,0,0,0,0,9,1,0,5,1,2,2,0,0,0
Angels,22,8,1,-0.1,0,0,0,0,8,0,0,1,3,2,1,1,0,0
Angels,23,9,0,0,0,0,0,0,7,2,0,2,2,3,0,2,0,0
Angels,24,9,0,0,0,0,0,0,9,0,0,4,4,0,0,1,0,0
Angels,25,10,2,0.9,0,0,122,0.9,7,0,3,4,2,4,0,0,0,0
Angels,26,7,0,0,0,0,0,0,6,1,0,3,1,1,1,1,0,0
Angels,27,8,0,0,0,0,0,0,8,0,0,1,2,3,1,1,0,0
Angels,28,7,1,-0.3,23,-0.3,0,0,6,1,0,4,1,1,0,1,0,0
Angels,29,8,0,0,0,0,0,0,7,0,1,2,1,3,1,1,0,0
Angels,30,7,0,0,0,0,0,0,6,0,1,3,3,0,0,1,0,0
Angels,31,7,1,0.2,156,0.2,0,0,6,1,0,1,2,3,0,1,0,0
Angels,32,7,0,0,0,0,0,0,6,1,0,2,1,1,2,0,1,0
Angels,33,7,0,0,0,0,0,0,7,0,0,0,5,0,2,0,0,0
Angels,34,9,1,-0.1,0,0,3,-0.1,8,1,0,3,0,2,0,3,0,1
Angels,35,7,0,0,0,0,0,0,5,1,1,4,0,2,1,0,0,0
Angels,36,10,0,0,0,0,0,0,8,0,2,2,5,3,0,0,0,0
Angels,37,6,0,0,0,0,0,0,6,0,0,4,1,1,0,0,0,0
Angels,38,7,0,0,0,0,0,0,4,2,1,2,1,3,1,0,0,0
Angels,39,5,0,0,0,0,0,0,5,0,0,2,2,0,1,0,0,0
Angels,40,7,0,0,0,0,0,0,7,0,0,2,4,1,0,0,0,0
Angels,41,1,0,0,0,0,0,0,1,0,0,0,0,0,1,0,0,0
Angels,42,2,0,0,0,0,0,0,1,0,1,2,0,0,0,0,0,0
Angels,43,4,0,0,0,0,0,0,2,1,1,3,0,0,0,0,1,0
Angels,44,2,0,0,0,0,0,0,1,0,1,0,0,1,1,0,0,0
Angels,45,3,0,0,0,0,0,0,2,0,1,0,2,0,0,1,0,0
Angels,46,1,0,0,0,0,0,0,0,0,1,1,0,0,0,0,0,0
Angels,47,2,0,0,0,0,0,0,2,0,0,1,1,0,0,0,0,0
Angels,48,3,0,0,0,0,0,0,3,0,0,1,1,0,1,0,0,0
Angels,49,1,0,0,0,0,0,0,1,0,0,1,0,0,0,0,0,0
Angels,50,3,1,0.7,157,0.7,0,0,2,1,0,1,1,0,1,0,0,0
Astros,1,15,10,72.1,2702,65.6,407,6.5,6,9,0,6,3,1,2,2,0,1
Astros,2,8,3,5.1,20,-0.2,87,5.1,4,4,0,2,3,1,0,2,0,0
Astros,3,10,1,-0.6,0,0,5,-0.6,6,4,0,5,1,3,1,0,0,0
Astros,4,9,2,1.3,64,-0.2,41,1.5,6,1,2,3,1,4,0,1,0,0
Astros,5,9,2,2.1,163,0.6,39,1.5,8,0,1,3,0,3,2,1,0,0
Astros,6,9,4,6.9,1023,6.9,0,0,3,4,2,2,3,1,0,1,0,2
Astros,7,9,2,16.9,234,-1,189,17.9,7,2,0,5,1,2,0,0,0,1
Astros,8,9,1,0.2,0,0,29,0.2,6,3,0,2,4,2,1,0,0,0
Astros,9,10,0,0,0,0,0,0,9,1,0,5,1,1,0,2,0,1
Astros,10,10,0,0,0,0,0,0,7,2,1,3,2,0,2,2,1,0
Astros,11,9,1,0,0,0,1,0,3,4,2,0,2,3,3,1,0,0
Astros,12,9,0,0,1,0,0,0,6,0,3,6,0,1,1,1,0,0
Astros,13,8,1,-0.2,51,-0.2,0,0,7,0,1,5,0,2,0,1,0,0
Astros,14,9,0,0,0,0,0,0,7,1,1,4,2,2,1,0,0,0
Astros,15,8,0,0,0,0,0,0,4,0,4,2,0,5,0,1,0,0
Astros,16,8,1,2,37,2,0,0,4,2,2,1,1,4,0,1,0,1
Astros,17,8,0,0,0,0,0,0,6,0,2,4,2,2,0,0,0,0
Astros,18,9,0,0,0,0,0,0,7,1,1,1,3,1,4,0,0,0
Astros,19,9,0,0,0,0,0,0,7,1,1,1,2,3,1,1,0,1
Astros,20,7,2,20,923,20,0,0,4,1,2,3,2,1,1,0,0,0
Astros,21,7,0,0,0,0,0,0,4,0,3,4,1,1,1,0,0,0
Astros,22,7,0,0,0,0,0,0,4,1,2,2,1,2,1,1,0,0
Astros,23,9,0,0,0,0,0,0,9,0,0,4,1,2,0,2,0,0
Astros,24,8,0,0,0,0,0,0,8,0,0,4,1,1,2,0,0,0
Astros,25,9,0,0,0,0,0,0,6,1,2,3,1,2,0,2,0,1
Astros,26,5,0,0,0,0,0,0,5,0,0,3,0,1,1,0,0,0
Astros,27,8,0,0,0,0,0,0,7,0,1,2,1,2,2,1,0,0
Astros,28,7,0,0,0,0,0,0,6,1,0,2,1,4,0,0,0,0
Astros,29,8,0,0,0,0,0,0,5,2,1,3,1,2,1,1,0,0
Astros,30,8,0,0,0,0,0,0,6,0,2,3,2,2,1,0,0,0
Astros,31,9,0,0,0,0,0,0,8,0,1,2,1,3,3,0,0,0
Astros,32,5,0,0,0,0,0,0,4,0,1,1,0,3,0,1,0,0
Astros,33,7,2,1.8,162,2,6,-0.2,6,1,0,3,0,1,0,2,1,0
Astros,34,8,2,-0.1,0,0,6,-0.1,5,1,2,2,0,4,1,1,0,0
Astros,35,4,0,0,0,0,0,0,3,1,0,1,1,0,0,1,0,1
Astros,36,7,0,0,0,0,0,0,4,0,3,4,0,3,0,0,0,0
Astros,37,6,0,0,0,0,0,0,6,0,0,2,0,3,1,0,0,0
Astros,38,4,0,0,0,0,0,0,4,0,0,1,0,2,1,0,0,0
Astros,39,3,0,0,0,0,0,0,1,2,0,2,0,1,0,0,0,0
Astros,40,6,0,0,0,0,0,0,6,0,0,3,0,3,0,0,0,0
Astros,41,3,0,0,0,0,0,0,1,1,1,2,0,1,0,0,0,0
Astros,42,2,0,0,0,0,0,0,1,1,0,1,0,1,0,0,0,0
Astros,43,1,0,0,0,0,0,0,0,0,1,0,1,0,0,0,0,0
Astros,44,3,0,0,0,0,0,0,3,0,0,1,0,1,0,1,0,0
Astros,45,1,0,0,0,0,0,0,1,0,0,1,0,0,0,0,0,0
Astros,46,1,0,0,0,0,0,0,1,0,0,0,1,0,0,0,0,0
Astros,47,2,0,0,0,0,0,0,1,0,1,0,1,1,0,0,0,0
Astros,48,1,0,0,0,0,0,0,1,0,0,1,0,0,0,0,0,0
Astros,49,2,0,0,0,0,0,0,0,1,1,0,0,1,0,0,0,1
Astros,50,1,0,0,0,0,0,0,1,0,0,0,0,1,0,0,0,0
Athletics,1,15,11,52.3,1680,31.3,476,21,11,4,0,6,5,3,1,0,0,0
Athletics,2,11,5,8.8,337,3.5,234,5.3,10,1,0,7,2,1,1,0,0,0
Athletics,3,10,4,1.5,345,2.6,96,-1.1,7,3,0,4,2,3,0,1,0,0
Athletics,4,10,2,-0.7,127,1.7,42,-2.4,6,4,0,1,5,2,1,1,0,0
Athletics,5,10,5,3.5,223,3.6,46,-0.1,8,1,1,4,1,1,2,2,0,0
Athletics,6,10,0,0,0,0,0,0,7,1,2,0,7,2,0,1,0,0
Athletics,7,10,2,7.9,0,0,508,7.9,6,2,2,1,6,0,1,2,0,0
Athletics,8,9,0,0,0,0,0,0,7,1,1,5,2,1,1,0,0,0
Athletics,9,8,0,0,0,0,0,0,7,0,1,1,1,2,2,2,0,0
Athletics,10,9,0,0,0,0,0,0,8,1,0,5,4,0,0,0,0,0
Athletics,11,9,1,2.3,0,0,65,2.3,7,1,1,5,1,1,1,1,0,0
Athletics,12,7,0,0,0,0,0,0,5,0,2,2,2,1,0,2,0,0
Athletics,13,10,2,5.6,0,0,91,5.6,10,0,0,4,2,2,2,0,0,0
Athletics,14,7,0,0,0,0,0,0,6,0,1,4,0,2,1,0,0,0
Athletics,15,9,0,0,0,0,0,0,7,2,0,0,2,4,2,0,0,1
Athletics,16,10,0,0,0,0,0,0,8,2,0,3,4,1,1,1,0,0
Athletics,17,4,1,-0.3,48,-0.3,0,0,4,0,0,1,1,1,1,0,0,0
Athletics,18,9,0,0,0,0,0,0,7,0,2,3,1,2,1,2,0,0
Athletics,19,9,0,0,0,0,0,0,8,1,0,1,1,3,2,1,0,1
Athletics,20,8,1,0.5,59,0.5,0,0,5,2,1,3,4,0,0,1,0,0
Athletics,21,5,0,0,0,0,0,0,4,0,1,3,1,0,0,0,1,0
Athletics,22,7,0,0,0,0,0,0,7,0,0,1,1,1,3,1,0,0
Athletics,23,6,0,0,0,0,0,0,6,0,0,3,2,0,1,0,0,0
Athletics,24,8,1,6.5,0,0,142,6.5,7,1,0,3,1,1,2,0,0,1
Athletics,25,9,0,0,0,0,0,0,8,1,0,4,2,0,2,1,0,0
Athletics,26,9,0,0,0,0,0,0,8,0,1,3,1,1,4,0,0,0
Athletics,27,8,1,-0.1,0,0,0,0,8,0,0,4,1,1,1,1,0,0
Athletics,28,9,1,0.3,31,0.3,0,0,9,0,0,2,1,3,3,0,0,0
Athletics,29,8,0,0,0,0,0,0,8,0,0,3,0,3,1,1,0,0
Athletics,30,10,0,0,0,0,0,0,9,1,0,5,0,1,2,1,1,0
Athletics,31,6,1,0.3,0,0,29,0.3,6,0,0,1,3,0,1,1,0,0
Athletics,32,7,1,1.7,0,0,157,1.7,7,0,0,4,0,3,0,0,0,0
Athletics,33,8,0,0,0,0,0,0,7,0,1,0,3,0,5,0,0,0
Athletics,34,5,0,0,0,0,0,0,4,1,0,2,0,2,1,0,0,0
Athletics,35,5,0,0,0,0,0,0,4,0,1,0,1,2,2,0,0,0
Athletics,36,1,0,0,0,0,0,0,1,0,0,0,1,0,0,0,0,0
Athletics,37,2,0,0,0,0,0,0,2,0,0,2,0,0,0,0,0,0
Athletics,38,1,0,0,0,0,0,0,1,0,0,0,0,0,1,0,0,0
Athletics,39,2,0,0,0,0,0,0,2,0,0,1,1,0,0,0,0,0
Athletics,40,1,0,0,0,0,0,0,1,0,0,0,0,0,1,0,0,0
Athletics,42,1,0,0,0,0,0,0,1,0,0,0,1,0,0,0,0,0
Athletics,44,3,1,0,30,0,0,0,2,1,0,0,0,1,1,1,0,0
Athletics,45,1,0,0,0,0,0,0,1,0,0,1,0,0,0,0,0,0
Athletics,46,1,0,0,0,0,0,0,1,0,0,0,0,1,0,0,0,0
Athletics,48,1,0,0,0,0,0,0,1,0,0,0,1,0,0,0,0,0
Blue Jays,1,25,13,42.2,580,2.2,936,41,12,13,0,11,4,6,3,1,0,0
Blue Jays,2,13,4,1.3,0,0,76,2.1,1,12,0,8,2,2,0,1,0,0
Blue Jays,3,11,2,9.2,564,9.2,0,0,4,6,1,4,2,4,1,0,0,0
Blue Jays,4,10,3,5.9,489,3.1,331,2.8,7,3,0,7,0,2,0,0,1,0
Blue Jays,5,9,3,3.6,271,0.5,506,3.1,4,4,1,4,1,0,0,2,0,2
Blue Jays,6,10,3,8,0,0,178,8,4,4,2,5,3,2,0,0,0,0
Blue Jays,7,9,2,1.7,409,1.7,0,0,5,3,1,1,4,2,1,1,0,0
Blue Jays,8,9,3,5.5,0,0,99,5.5,7,1,1,7,1,1,0,0,0,0
Blue Jays,9,9,4,4.1,7,-0.3,395,4.4,6,2,1,3,2,1,2,0,0,1
Blue Jays,10,8,2,12.2,644,11.2,253,1,7,0,1,4,0,3,1,0,0,0
Blue Jays,11,7,3,-0.8,24,-0.7,1,-0.1,3,4,0,3,1,3,0,0,0,0
Blue Jays,12,5,1,0.2,0,0,49,0.2,3,1,1,2,1,0,2,0,0,0
Blue Jays,13,7,1,0.2,16,0.2,0,0,4,3,0,2,2,2,1,0,0,0
Blue Jays,14,9,0,0,0,0,0,0,8,1,0,5,0,1,2,1,0,0
Blue Jays,15,9,3,0.8,10,-0.1,112,0.9,5,4,0,3,1,3,1,1,0,0
Blue Jays,16,7,3,0.4,222,0.4,0,0,2,4,1,1,0,2,0,2,2,0
Blue Jays,17,5,1,-0.6,0,0,5,-0.6,1,3,1,1,1,0,0,1,1,1
Blue Jays,18,8,1,-0.2,0,0,94,-0.2,5,1,2,3,1,2,0,1,1,0
Blue Jays,19,8,1,2.5,0,0,188,2.5,6,0,2,1,2,3,2,0,0,0
Blue Jays,20,8,0,0,0,0,0,0,5,0,3,6,1,0,1,0,0,0
Blue Jays,21,6,0,0,0,0,0,0,5,0,1,4,0,2,0,0,0,0
Blue Jays,22,5,0,0,0,0,0,0,4,1,0,2,1,0,2,0,0,0
Blue Jays,23,7,1,-0.4,6,-0.4,0,0,3,3,1,0,3,2,1,0,0,1
Blue Jays,24,9,1,-0.8,0,0,31,-0.8,5,1,3,2,1,3,2,1,0,0
Blue Jays,25,5,0,0,0,0,0,0,5,0,0,1,0,1,2,1,0,0
Blue Jays,26,6,0,0,0,0,0,0,4,2,0,0,2,1,1,0,2,0
Blue Jays,27,7,0,0,0,0,0,0,2,4,1,1,0,2,2,2,0,0
Blue Jays,28,8,1,0,0,0,28,0,6,1,1,2,2,3,0,1,0,0
Blue Jays,29,6,1,0.3,0,0,16,0.3,6,0,0,3,2,0,1,0,0,0
Blue Jays,30,7,1,0.4,10,0.4,0,0,6,1,0,2,2,1,2,0,0,0
Blue Jays,31,4,0,0,0,0,0,0,4,0,0,0,1,0,2,1,0,0
Blue Jays,32,7,1,13.6,680,13.6,0,0,6,0,1,3,2,1,0,1,0,0
Blue Jays,33,6,0,0,0,0,0,0,5,1,0,3,0,2,1,0,0,0
Blue Jays,34,6,0,0,0,0,0,0,5,0,1,5,0,0,1,0,0,0
Blue Jays,35,7,1,1.1,0,0,116,1.1,7,0,0,4,2,0,1,0,0,0
Blue Jays,36,5,0,0,0,0,0,0,5,0,0,4,0,0,1,0,0,0
Blue Jays,37,6,0,0,0,0,0,0,5,0,1,0,0,2,3,1,0,0
Blue Jays,38,5,0,0,0,0,0,0,4,1,0,2,1,1,1,0,0,0
Blue Jays,39,3,0,0,0,0,0,0,2,1,0,1,0,0,0,1,1,0
Blue Jays,40,5,0,0,0,0,0,0,5,0,0,1,1,1,2,0,0,0
Blue Jays,41,2,0,0,0,0,0,0,1,1,0,0,1,1,0,0,0,0
Blue Jays,42,2,0,0,0,0,0,0,2,0,0,0,0,0,2,0,0,0
Blue Jays,43,1,0,0,0,0,0,0,0,1,0,0,0,1,0,0,0,0
Blue Jays,44,1,0,0,0,0,0,0,1,0,0,1,0,0,0,0,0,0
Blue Jays,46,1,0,0,0,0,0,0,1,0,0,0,0,0,1,0,0,0
Blue Jays,49,1,0,0,0,0,0,0,1,0,0,1,0,0,0,0,0,0
Blue Jays,50,1,0,0,0,0,0,0,1,0,0,0,0,0,0,0,1,0
Braves,1,14,7,45.4,1217,35.2,306,10.6,3,11,0,7,1,3,1,1,1,0
Braves,2,13,8,86.3,2703,74,255,12.3,6,6,1,5,3,4,1,0,0,0
Braves,3,10,5,20.8,145,-0.1,611,20.9,6,3,1,4,2,2,2,0,0,0
Braves,4,10,4,2.7,0,0,309,2.5,6,3,1,4,4,1,1,0,0,0
Braves,5,10,1,1,276,1,0,0,9,0,1,4,1,3,2,0,0,0
Braves,6,9,1,0,92,0,0,0,8,0,1,6,1,2,0,0,0,0
Braves,7,10,2,-1.9,0,0,101,-1.9,6,2,2,3,2,2,1,2,0,0
Braves,8,9,2,3.9,388,1.1,82,2.8,6,1,2,8,0,0,1,0,0,0
Braves,9,10,0,0,0,0,0,0,6,1,3,4,2,2,2,0,0,0
Braves,10,10,1,1.1,0,0,290,1.1,5,2,3,4,3,1,2,0,0,0
Braves,11,8,1,2.4,0,0,210,2.4,2,4,2,4,2,1,1,0,0,0
Braves,12,10,0,0,0,0,0,0,5,2,3,6,0,2,1,1,0,0
Braves,13,10,1,0.9,315,0.9,0,0,6,1,3,6,1,0,0,3,0,0
Braves,14,9,0,0,0,0,0,0,5,3,1,6,1,1,0,1,0,0
Braves,15,8,2,-0.5,0,0,35,-0.4,5,1,2,4,1,1,1,1,0,0
Braves,16,7,0,0,0,0,0,0,5,1,1,2,1,1,3,0,0,0
Braves,17,7,2,-1.3,0,0,23,-1.3,7,0,0,5,1,0,0,1,0,0
Braves,18,8,0,0,0,0,0,0,6,1,1,3,2,1,2,0,0,0
Braves,19,9,0,0,0,0,0,0,8,0,1,5,2,2,0,0,0,0
Braves,20,9,0,0,0,0,0,0,4,2,3,5,0,3,1,0,0,0
Braves,21,9,0,0,0,0,0,0,7,0,2,7,1,0,0,1,0,0
Braves,22,7,2,0.1,0,0,66,0.1,5,0,2,4,0,1,0,2,0,0
Braves,23,9,1,8.6,696,8.6,0,0,5,2,2,4,1,3,1,0,0,0
Braves,24,8,0,0,0,0,0,0,5,0,3,1,3,1,0,3,0,0
Braves,25,8,0,0,0,0,0,0,7,1,0,4,2,0,1,1,0,0
Braves,26,9,0,0,0,0,0,0,6,1,2,2,2,4,1,0,0,0
Braves,27,6,0,0,0,0,0,0,5,0,1,1,2,1,1,1,0,0
Braves,28,6,0,0,0,0,0,0,4,1,1,3,1,2,0,0,0,0
Braves,29,5,0,0,0,0,0,0,3,1,1,1,0,3,0,1,0,0
Braves,30,4,0,0,0,0,0,0,3,0,1,2,0,2,0,0,0,0
Braves,31,6,0,0,0,0,0,0,3,1,2,4,0,2,0,0,0,0
Braves,32,3,0,0,0,0,0,0,2,0,1,0,2,0,0,1,0,0
Braves,33,1,0,0,0,0,0,0,1,0,0,0,0,1,0,0,0,0
Braves,34,3,0,0,0,0,0,0,3,0,0,1,1,0,1,0,0,0
Braves,35,1,0,0,0,0,0,0,1,0,0,0,0,0,1,0,0,0
Braves,36,3,0,0,0,0,0,0,3,0,0,1,1,0,1,0,0,0
Braves,37,1,0,0,0,0,0,0,1,0,0,1,0,0,0,0,0,0
Braves,38,1,0,0,0,0,0,0,1,0,0,0,0,0,1,0,0,0
Braves,39,2,0,0,0,0,0,0,2,0,0,0,1,0,1,0,0,0
Braves,40,1,0,0,0,0,0,0,1,0,0,0,0,0,1,0,0,0
Braves,42,1,0,0,0,0,0,0,0,1,0,0,0,0,0,1,0,0
Braves,43,1,0,0,0,0,0,0,1,0,0,1,0,0,0,0,0,0
Braves,45,1,0,0,0,0,0,0,0,0,1,0,0,0,0,1,0,0
Braves,47,1,0,0,0,0,0,0,0,0,1,1,0,0,0,0,0,0
Braves,48,1,0,0,0,0,0,0,1,0,0,0,0,0,1,0,0,0
Brewers,1,17,6,33.4,1155,22.7,159,9.6,11,6,0,6,5,2,1,2,1,0
Brewers,2,14,2,4.6,0,0,128,4.6,4,10,0,3,5,3,0,1,0,2
Brewers,3,10,6,22.9,1417,19.3,172,3.7,8,2,0,5,3,2,0,0,0,0
Brewers,4,10,4,0.2,14,-0.1,56,-0.2,7,3,0,2,5,0,1,1,1,0
Brewers,5,10,3,0.4,87,0.4,4,0,7,3,0,3,0,4,0,3,0,0
Brewers,6,10,3,-0.8,27,0.1,0,0,6,4,0,5,2,1,1,0,0,1
Brewers,7,10,2,11.6,764,12,0,0,8,2,0,4,1,2,0,0,2,1
Brewers,8,10,1,-0.4,30,-0.4,0,0,4,4,2,3,2,2,1,0,1,1
Brewers,9,10,1,-0.7,151,-0.7,0,0,5,5,0,3,2,2,1,1,0,1
Brewers,10,10,2,1,159,0.9,11,0.1,8,1,1,2,0,5,2,1,0,0
Brewers,11,10,1,0.7,0,0,23,0.7,8,2,0,4,0,3,2,1,0,0
Brewers,12,9,0,0,0,0,0,0,8,1,0,3,3,1,1,1,0,0
Brewers,13,9,2,-0.4,42,-0.1,71,-0.3,5,3,1,5,1,0,2,0,1,0
Brewers,14,10,2,1.5,0,0,177,1.5,7,2,1,7,1,1,0,0,0,1
Brewers,15,8,0,0,0,0,0,0,5,2,1,2,4,2,0,0,0,0
Brewers,16,5,1,11.5,741,11.5,0,0,1,3,1,1,1,1,0,0,1,1
Brewers,17,7,1,0,0,0,34,0,4,1,2,3,1,1,1,1,0,0
Brewers,18,9,1,2.1,0,0,109,2.1,6,3,0,2,1,3,1,1,1,0
Brewers,19,7,1,-0.1,29,-0.1,0,0,3,2,2,4,1,0,1,1,0,0
Brewers,20,7,0,0,0,0,0,0,4,1,2,1,2,1,2,0,1,0
Brewers,21,8,2,-0.1,0,0,142,-0.1,7,0,1,2,1,1,2,2,0,0
Brewers,22,7,1,8,0,0,170,8,4,1,2,3,2,1,0,1,0,0
Brewers,23,5,0,0,0,0,0,0,4,1,0,2,1,2,0,0,0,0
Brewers,24,7,0,0,0,0,0,0,5,1,1,0,2,0,3,2,0,0
Brewers,25,7,0,0,0,0,0,0,5,2,0,2,2,1,1,1,0,0
Brewers,26,2,0,0,0,0,0,0,2,0,0,1,0,0,0,1,0,0
Brewers,27,8,0,0,0,0,0,0,6,1,1,4,3,1,0,0,0,0
Brewers,28,6,0,0,0,0,0,0,5,0,1,3,1,0,1,1,0,0
Brewers,29,2,0,0,0,0,0,0,1,1,0,1,0,0,0,0,1,0
Brewers,30,8,0,0,0,0,0,0,5,2,1,5,0,2,0,1,0,0
Brewers,31,9,1,2.9,0,0,56,2.9,9,0,0,6,0,2,1,0,0,0
Brewers,32,5,1,0.3,117,0.3,0,0,4,0,1,3,1,1,0,0,0,0
Brewers,33,4,0,0,0,0,0,0,3,0,1,2,2,0,0,0,0,0
Brewers,34,5,0,0,0,0,0,0,4,0,1,1,0,1,2,1,0,0
Brewers,35,8,0,0,0,0,0,0,8,0,0,1,3,3,1,0,0,0
Brewers,36,6,0,0,0,0,0,0,5,1,0,3,1,0,1,1,0,0
Brewers,37,4,0,0,0,0,0,0,2,1,1,1,2,0,0,0,0,1
Brewers,38,7,0,0,0,0,0,0,6,1,0,0,3,1,1,2,0,0
Brewers,39,4,0,0,0,0,0,0,3,0,1,1,0,1,2,0,0,0
Brewers,40,1,0,0,0,0,0,0,1,0,0,0,0,0,1,0,0,0
Brewers,41,3,0,0,0,0,0,0,2,1,0,1,0,0,0,0,2,0
Brewers,42,1,0,0,0,0,0,0,1,0,0,1,0,0,0,0,0,0
Brewers,43,1,0,0,0,0,0,0,1,0,0,0,0,0,0,0,1,0
Brewers,44,2,0,0,0,0,0,0,1,1,0,1,1,0,0,0,0,0
Brewers,45,1,0,0,0,0,0,0,1,0,0,0,1,0,0,0,0,0
Brewers,46,1,0,0,0,0,0,0,0,1,0,0,0,0,1,0,0,0
Brewers,48,3,0,0,0,0,0,0,3,0,0,2,0,0,1,0,0,0
Brewers,49,2,0,0,0,0,0,0,1,0,1,0,0,1,1,0,0,0
Brewers,50,1,0,0,0,0,0,0,0,1,0,1,0,0,0,0,0,0
Cardinals,1,22,13,49.3,1987,15.2,621,31.7,12,10,0,6,6,7,1,1,0,1
Cardinals,2,12,5,-0.8,230,-0.9,52,0.1,7,5,0,5,4,1,1,1,0,0
Cardinals,3,10,7,13.1,1146,5.5,466,6.9,6,4,0,4,4,2,0,0,0,0
Cardinals,4,9,4,6.4,249,5.9,26,0.5,8,1,0,4,3,1,0,1,0,0
Cardinals,5,10,3,0.3,47,-0.9,39,1.2,7,2,1,4,5,1,0,0,0,0
Cardinals,6,10,2,-0.1,0,0,0,0,8,1,1,3,3,2,1,1,0,0
Cardinals,7,10,3,6.1,450,3.9,224,2.2,7,3,0,2,6,1,1,0,0,0
Cardinals,8,10,0,0,0,0,0,0,8,1,1,4,2,2,2,0,0,0
Cardinals,9,9,3,1.2,0,0,157,1.4,8,0,1,3,1,3,0,2,0,0
Cardinals,10,9,1,-0.7,24,-0.7,0,0,4,3,2,4,2,1,0,0,1,1
Cardinals,11,8,1,2.1,0,0,252,2.1,4,3,1,3,4,1,0,0,0,0
Cardinals,12,9,0,0,0,0,0,0,2,6,1,4,2,1,0,1,0,1
Cardinals,13,9,3,25.6,1056,25.6,0,0,6,0,3,3,2,4,0,0,0,0
Cardinals,14,8,0,0,0,0,0,0,5,2,1,4,2,0,2,0,0,0
Cardinals,15,8,2,-0.2,3,-0.2,0,0,5,2,1,3,3,1,1,0,0,0
Cardinals,16,8,0,0,0,0,0,0,4,1,3,4,1,1,1,1,0,0
Cardinals,17,8,0,0,0,0,0,0,5,2,1,5,2,0,1,0,0,0
Cardinals,18,9,1,-0.1,144,-0.1,0,0,8,1,0,4,2,0,1,1,0,1
Cardinals,19,8,2,-0.3,53,-0.3,0,0,6,0,2,0,3,4,1,0,0,0
Cardinals,20,9,0,0,0,0,0,0,6,2,1,4,3,1,0,0,0,1
Cardinals,21,6,2,5.7,0,0,341,5.7,3,0,3,2,0,3,1,0,0,0
Cardinals,22,6,1,1.1,98,1.1,0,0,5,0,1,2,1,2,1,0,0,0
Cardinals,23,5,1,5.7,699,5.7,0,0,3,1,1,1,2,1,1,0,0,0
Cardinals,24,9,1,-0.1,0,0,18,-0.1,7,0,2,3,1,2,2,1,0,0
Cardinals,25,9,0,0,0,0,0,0,8,1,0,4,2,0,2,0,0,1
Cardinals,26,9,1,-2.9,272,-2.9,0,0,8,0,1,5,3,0,0,1,0,0
Cardinals,27,10,0,0,0,0,0,0,8,0,2,3,2,1,3,1,0,0
Cardinals,28,6,1,0.1,0,0,0,0,5,0,1,1,2,2,0,1,0,0
Cardinals,29,7,0,0,0,0,0,0,6,1,0,3,1,1,1,1,0,0
Cardinals,30,7,0,0,0,0,0,0,7,0,0,4,1,0,2,0,0,0
Cardinals,31,7,0,0,0,0,0,0,5,2,0,2,4,1,0,0,0,0
Cardinals,32,8,1,2.5,0,0,259,2.5,7,0,1,2,1,3,0,2,0,0
Cardinals,33,9,0,0,0,0,0,0,9,0,0,4,0,4,1,0,0,0
Cardinals,34,7,0,0,0,0,0,0,7,0,0,2,2,0,2,1,0,0
Cardinals,35,6,1,-0.5,0,0,109,-0.5,4,1,1,3,1,1,0,1,0,0
Cardinals,36,9,1,-0.1,0,0,28,-0.1,7,1,1,1,3,2,2,1,0,0
Cardinals,37,6,0,0,0,0,0,0,6,0,0,3,1,0,0,2,0,0
Cardinals,38,10,1,-0.3,84,-0.3,0,0,9,0,1,4,0,2,1,2,0,1
Cardinals,39,6,0,0,0,0,0,0,5,1,0,1,1,0,2,1,0,1
Cardinals,40,6,0,0,0,0,0,0,6,0,0,3,1,1,1,0,0,0
Cardinals,41,5,1,4.4,0,0,276,4.4,3,0,2,3,0,1,0,1,0,0
Cardinals,42,4,0,0,0,0,0,0,3,1,0,3,0,0,1,0,0,0
Cardinals,43,5,0,0,0,0,0,0,2,1,2,3,1,0,1,0,0,0
Cardinals,44,4,0,0,0,0,0,0,4,0,0,1,1,0,1,1,0,0
Cardinals,45,1,0,0,0,0,0,0,1,0,0,0,0,1,0,0,0,0
Cardinals,46,1,0,0,0,0,0,0,1,0,0,0,0,0,1,0,0,0
Cardinals,47,3,0,0,0,0,0,0,3,0,0,1,1,0,1,0,0,0
Cardinals,48,2,0,0,0,0,0,0,1,0,1,0,1,1,0,0,0,0
Cardinals,49,4,0,0,0,0,0,0,2,1,1,3,0,0,1,0,0,0
Cardinals,50,1,0,0,0,0,0,0,1,0,0,0,1,0,0,0,0,0
Cubs,1,13,12,87.6,3444,78.4,308,9.2,9,4,0,5,4,2,0,2,0,0
Cubs,2,8,4,17.5,993,17.1,0,0,5,3,0,5,0,2,1,0,0,0
Cubs,3,10,3,-0.3,23,-0.3,18,0,7,3,0,3,2,2,1,2,0,0
Cubs,4,10,3,14.5,814,9.3,253,5.2,6,3,1,5,3,0,0,2,0,0
Cubs,5,10,2,4.4,872,4.4,0,0,6,4,0,3,0,4,2,0,1,0
Cubs,6,9,2,13.1,838,14,0,0,6,2,1,1,3,2,1,1,0,1
Cubs,7,10,1,-0.3,0,0,0,0,7,3,0,3,1,3,1,2,0,0
Cubs,8,9,0,0,0,0,0,0,7,0,2,3,1,3,2,0,0,0
Cubs,9,10,1,0,0,0,0,0,8,2,0,2,4,2,1,1,0,0
Cubs,10,8,1,2.9,0,0,93,2.9,7,1,0,4,1,0,1,2,0,0
Cubs,11,11,1,0.2,0,0,0,0,6,2,3,3,5,0,1,2,0,0
Cubs,12,8,0,0,0,0,0,0,3,3,2,3,1,2,1,1,0,0
Cubs,13,9,1,1.5,257,1.5,0,0,6,2,1,3,2,1,2,1,0,0
Cubs,14,7,2,-0.1,0,0,406,-0.1,3,2,2,5,1,1,0,0,0,0
Cubs,15,10,1,-0.9,0,0,58,-0.9,9,1,0,4,2,0,1,2,1,0
Cubs,16,9,1,0.1,76,0.1,0,0,8,1,0,2,1,2,2,2,0,0
Cubs,17,8,1,0.1,18,0.1,0,0,6,0,2,3,1,1,2,1,0,0
Cubs,18,8,2,0.7,63,0.9,86,-0.2,5,1,2,3,2,1,2,0,0,0
Cubs,19,8,0,0,0,0,0,0,6,1,1,4,0,2,2,0,0,0
Cubs,20,8,0,0,0,0,0,0,8,0,0,3,0,0,3,2,0,0
Cubs,21,8,2,-1.2,58,-0.8,27,-0.4,7,1,0,3,0,2,2,1,0,0
Cubs,22,9,0,0,0,0,0,0,6,2,1,2,2,1,3,0,1,0
Cubs,23,6,0,0,0,0,0,0,3,0,3,3,1,2,0,0,0,0
Cubs,24,5,0,0,0,0,0,0,3,2,0,2,1,1,0,1,0,0
Cubs,25,7,1,4.9,496,4.9,0,0,5,0,2,3,1,2,1,0,0,0
Cubs,26,6,0,0,0,0,0,0,5,0,1,1,2,0,3,0,0,0
Cubs,27,6,0,0,0,0,0,0,6,0,0,3,0,1,2,0,0,0
Cubs,28,6,0,0,0,0,0,0,5,0,1,3,1,1,0,1,0,0
Cubs,29,4,0,0,0,0,0,0,4,0,0,1,0,2,0,1,0,0
Cubs,30,5,0,0,0,0,0,0,4,0,1,0,2,1,2,0,0,0
Cubs,31,2,0,0,0,0,0,0,2,0,0,2,0,0,0,0,0,0
Cubs,32,8,0,0,0,0,0,0,7,0,1,4,1,2,0,1,0,0
Cubs,33,3,0,0,0,0,0,0,2,1,0,0,0,1,0,1,1,0
Cubs,34,2,0,0,0,0,0,0,2,0,0,2,0,0,0,0,0,0
Cubs,35,3,0,0,0,0,0,0,3,0,0,1,0,0,1,1,0,0
Cubs,36,4,0,0,0,0,0,0,3,0,1,2,1,0,1,0,0,0
Cubs,37,4,1,-0.1,0,0,0,0,3,0,1,0,1,1,1,1,0,0
Cubs,38,3,0,0,0,0,0,0,1,0,2,2,0,1,0,0,0,0
Cubs,39,1,0,0,0,0,0,0,0,0,1,0,1,0,0,0,0,0
Cubs,40,4,0,0,0,0,0,0,3,1,0,2,0,0,1,0,1,0
Cubs,41,3,1,-0.4,0,0,0,0,2,0,1,0,0,1,0,2,0,0
Cubs,42,1,0,0,0,0,0,0,1,0,0,0,0,0,1,0,0,0
Cubs,44,2,0,0,0,0,0,0,2,0,0,0,0,0,1,1,0,0
Cubs,46,2,0,0,0,0,0,0,2,0,0,2,0,0,0,0,0,0
Cubs,49,1,0,0,0,0,0,0,1,0,0,0,0,0,0,1,0,0
Diamondbacks,1,19,15,61.4,1780,26,966,37.4,12,7,0,8,4,2,2,3,0,0
Diamondbacks,2,13,4,3.1,147,-1.8,564,4.9,6,7,0,3,4,1,3,1,1,0
Diamondbacks,3,10,4,5.3,386,4.4,101,0.9,4,5,1,4,2,2,1,0,0,1
Diamondbacks,4,10,1,-0.7,0,0,101,-0.7,7,3,0,1,1,3,3,1,1,0
Diamondbacks,5,10,4,2.4,450,2.3,6,0.1,6,4,0,5,1,2,1,0,0,1
Diamondbacks,6,9,4,6,500,6.4,87,-0.4,5,1,3,5,3,0,0,1,0,0
Diamondbacks,7,9,2,-0.7,6,0.2,0,0,3,3,3,4,2,2,1,0,0,0
Diamondbacks,8,10,2,43.7,1082,40.4,39,3.3,6,2,2,4,2,3,1,0,0,0
Diamondbacks,9,10,2,6.7,85,-0.4,133,7.1,7,1,2,4,2,2,2,0,0,0
Diamondbacks,10,9,1,0.8,0,0,20,0.8,9,0,0,0,5,3,1,0,0,0
Diamondbacks,11,10,1,-0.9,56,-0.9,0,0,6,4,0,5,3,0,0,0,1,1
Diamondbacks,12,9,1,0.1,0,0,0,0,6,2,1,3,2,2,1,1,0,0
Diamondbacks,13,8,1,-1,0,0,11,-1,6,2,0,5,2,0,1,0,0,0
Diamondbacks,14,9,1,0.1,0,0,24,0.1,6,1,2,5,0,3,1,0,0,0
Diamondbacks,15,10,2,6,0,0,262,6,9,1,0,2,2,3,1,2,0,0
Diamondbacks,16,8,0,0,0,0,0,0,8,0,0,1,2,1,1,3,0,0
Diamondbacks,17,9,0,0,0,0,0,0,8,0,1,6,1,1,0,1,0,0
Diamondbacks,18,6,0,0,0,0,0,0,5,1,0,1,2,2,0,0,0,1
Diamondbacks,19,9,1,16.8,630,16.8,0,0,7,0,2,3,2,1,1,2,0,0
Diamondbacks,20,7,0,0,0,0,0,0,7,0,0,2,1,2,1,1,0,0
Diamondbacks,21,8,0,0,0,0,0,0,6,1,1,3,0,3,1,1,0,0
Diamondbacks,22,8,0,0,0,0,0,0,7,1,0,4,2,2,0,0,0,0
Diamondbacks,23,7,0,0,0,0,0,0,5,2,0,0,2,2,0,2,1,0
Diamondbacks,24,9,1,-0.4,42,-0.4,0,0,7,0,2,4,1,2,2,0,0,0
Diamondbacks,25,6,0,0,0,0,0,0,6,0,0,3,3,0,0,0,0,0
Diamondbacks,26,6,0,0,0,0,0,0,5,0,1,0,1,2,1,2,0,0
Diamondbacks,27,8,1,3.3,0,0,233,3.3,6,1,1,0,3,3,0,1,1,0
Diamondbacks,28,6,2,0.7,0,0,145,0.9,6,0,0,3,1,1,1,0,0,0
Diamondbacks,29,6,0,0,0,0,0,0,6,0,0,0,4,0,1,1,0,0
Diamondbacks,30,8,0,0,0,0,0,0,7,0,1,3,2,3,0,0,0,0
Diamondbacks,31,6,0,0,0,0,0,0,4,1,1,2,2,1,1,0,0,0
Diamondbacks,32,5,0,0,0,0,0,0,4,0,1,4,0,0,0,1,0,0
Diamondbacks,33,6,0,0,0,0,0,0,4,0,2,4,1,1,0,0,0,0
Diamondbacks,34,7,1,-2.6,197,-2.6,0,0,6,0,1,1,1,3,2,0,0,0
Diamondbacks,35,7,0,0,0,0,0,0,7,0,0,3,0,2,1,1,0,0
Diamondbacks,36,7,0,0,0,0,0,0,6,0,1,3,0,2,2,0,0,0
Diamondbacks,37,6,0,0,0,0,0,0,5,0,1,1,2,2,1,0,0,0
Diamondbacks,38,6,0,0,0,0,0,0,4,1,1,2,3,0,0,0,1,0
Diamondbacks,39,3,0,0,0,0,0,0,2,1,0,0,1,2,0,0,0,0
Diamondbacks,40,3,0,0,0,0,0,0,3,0,0,3,0,0,0,0,0,0
Diamondbacks,41,3,0,0,0,0,0,0,3,0,0,2,0,1,0,0,0,0
Diamondbacks,42,2,0,0,0,0,0,0,2,0,0,0,0,0,1,1,0,0
Diamondbacks,43,3,0,0,0,0,0,0,3,0,0,1,1,1,0,0,0,0
Diamondbacks,44,4,0,0,0,0,0,0,3,0,1,3,0,0,1,0,0,0
Diamondbacks,45,1,0,0,0,0,0,0,0,0,1,0,1,0,0,0,0,0
Diamondbacks,46,3,0,0,0,0,0,0,2,1,0,1,0,1,1,0,0,0
Diamondbacks,47,1,0,0,0,0,0,0,0,0,1,0,0,1,0,0,0,0
Diamondbacks,48,3,0,0,0,0,0,0,2,0,1,0,1,1,1,0,0,0
Diamondbacks,49,2,0,0,0,0,0,0,0,1,1,0,0,1,1,0,0,0
Diamondbacks,50,1,0,0,0,0,0,0,0,0,1,0,0,1,0,0,0,0
Dodgers,1,14,7,16.3,401,12.9,121,4.2,7,7,0,8,1,3,0,1,0,1
Dodgers,2,12,4,3.1,43,0.1,243,3,6,6,0,3,3,3,1,2,0,0
Dodgers,3,9,1,-0.5,67,-0.5,0,0,6,2,1,3,2,3,1,0,0,0
Dodgers,4,10,5,18.3,1226,18.4,0,0,3,4,3,2,4,4,0,0,0,0
Dodgers,5,9,2,3.9,0,0,102,4.1,4,2,3,4,2,3,0,0,0,0
Dodgers,6,9,3,-1.5,0,0,73,-1.5,4,3,2,3,1,3,0,1,0,1
Dodgers,7,10,1,-0.3,0,0,4,-0.3,6,3,1,2,5,2,0,1,0,0
Dodgers,8,10,2,-0.3,99,-0.3,0,0,9,1,0,4,3,1,1,0,0,1
Dodgers,9,10,0,0,0,0,0,0,9,1,0,2,3,3,2,0,0,0
Dodgers,10,8,0,0,0,0,0,0,8,0,0,1,3,2,2,0,0,0
Dodgers,11,9,2,15.3,544,7,153,8.3,5,4,0,2,4,2,1,0,0,0
Dodgers,12,9,1,-0.1,7,-0.1,0,0,7,2,0,3,4,1,1,0,0,0
Dodgers,13,7,1,-0.5,39,-0.5,0,0,6,0,1,3,0,1,2,1,0,0
Dodgers,14,9,0,0,0,0,0,0,8,0,1,4,1,3,1,0,0,0
Dodgers,15,8,0,0,0,0,0,0,5,1,2,4,1,1,0,1,1,0
Dodgers,16,8,0,0,0,0,0,0,6,2,0,2,0,0,3,2,0,1
Dodgers,17,6,1,0,0,0,0,0,3,2,1,1,3,1,0,1,0,0
Dodgers,18,8,1,-2.3,0,0,28,-2.3,7,1,0,3,2,2,0,1,0,0
Dodgers,19,5,0,0,0,0,0,0,3,1,1,1,3,1,0,0,0,0
Dodgers,20,4,1,0.3,0,0,29,0.3,4,0,0,1,2,0,1,0,0,0
Dodgers,21,7,1,-1.3,68,-1.3,0,0,5,1,1,1,2,2,1,0,0,1
Dodgers,22,8,0,0,0,0,0,0,8,0,0,0,5,2,1,0,0,0
Dodgers,23,8,0,0,0,0,0,0,7,1,0,4,0,2,1,1,0,0
Dodgers,24,9,1,-0.8,0,0,5,-0.8,8,1,0,2,1,2,1,2,0,1
Dodgers,25,8,2,0.5,156,-0.5,153,1,6,0,2,3,1,3,0,1,0,0
Dodgers,26,6,1,3.7,338,3.7,0,0,3,0,3,1,0,4,0,1,0,0
Dodgers,27,5,0,0,0,0,0,0,4,0,1,2,1,0,1,1,0,0
Dodgers,28,9,0,0,0,0,0,0,9,0,0,3,1,1,3,1,0,0
Dodgers,29,3,1,0.2,0,0,1,0.2,3,0,0,0,0,3,0,0,0,0
Dodgers,30,7,1,2.1,0,0,215,2.1,4,3,0,1,3,2,0,0,0,1
Dodgers,31,6,1,-0.5,0,0,47,-0.5,3,1,2,1,2,2,1,0,0,0
Dodgers,32,7,0,0,0,0,0,0,5,0,2,1,1,3,2,0,0,0
Dodgers,33,7,0,0,0,0,0,0,5,2,0,2,1,2,0,2,0,0
Dodgers,34,6,0,0,0,0,0,0,4,1,1,2,1,2,1,0,0,0
Dodgers,35,6,0,0,0,0,0,0,6,0,0,0,2,1,2,1,0,0
Dodgers,36,4,0,0,0,0,0,0,2,0,2,1,2,1,0,0,0,0
Dodgers,37,4,0,0,0,0,0,0,4,0,0,3,0,0,0,1,0,0
Dodgers,38,5,1,0.2,0,0,26,0.2,2,2,1,1,0,2,0,2,0,0
Dodgers,39,2,0,0,0,0,0,0,2,0,0,0,1,0,0,1,0,0
Dodgers,40,2,0,0,0,0,0,0,2,0,0,0,1,1,0,0,0,0
Dodgers,41,1,0,0,0,0,0,0,1,0,0,0,0,0,0,1,0,0
Dodgers,45,1,0,0,0,0,0,0,1,0,0,0,0,0,0,1,0,0
Dodgers,46,1,0,0,0,0,0,0,1,0,0,0,1,0,0,0,0,0
Dodgers,47,1,0,0,0,0,0,0,1,0,0,0,0,0,1,0,0,0
Dodgers,48,1,0,0,0,0,0,0,1,0,0,0,0,1,0,0,0,0
Dodgers,49,1,0,0,0,0,0,0,1,0,0,1,0,0,0,0,0,0
Giants,1,17,14,90.6,2656,47.8,482,43.1,8,8,1,8,3,4,2,0,0,0
Giants,2,8,6,0.7,562,0.1,26,0.6,6,2,0,4,2,1,1,0,0,0
Giants,3,9,3,-0.8,205,-0.8,0,0,8,1,0,4,3,2,0,0,0,0
Giants,4,9,3,22.3,1092,22.5,68,-0.2,7,1,1,1,4,3,0,1,0,0
Giants,5,10,4,27,1014,25.1,199,1.9,10,0,0,2,1,4,0,3,0,0
Giants,6,10,4,-3.3,41,1.1,226,-4.4,9,1,0,2,3,5,0,0,0,0
Giants,7,10,1,0,0,0,21,0,8,1,1,5,1,3,1,0,0,0
Giants,8,10,2,1,100,0.9,22,0.1,8,2,0,0,2,2,5,0,0,1
Giants,9,10,4,0.5,0,0,207,0.8,7,2,1,3,2,2,0,3,0,0
Giants,10,9,2,-0.7,88,-0.2,73,-0.5,8,0,1,4,3,0,1,1,0,0
Giants,11,8,1,5.9,496,5.9,0,0,5,2,1,2,3,1,0,0,0,2
Giants,12,10,2,3,266,2.1,41,0.9,9,1,0,4,2,1,0,2,0,1
Giants,13,9,1,0.4,117,0.4,0,0,4,2,3,4,0,1,1,1,0,2
Giants,14,10,0,0,0,0,0,0,6,1,3,1,2,3,2,1,0,1
Giants,15,7,0,0,0,0,0,0,6,1,0,5,1,0,1,0,0,0
Giants,16,9,1,-0.7,0,0,0,0,7,2,0,2,3,3,0,1,0,0
Giants,17,10,0,0,0,0,0,0,7,1,2,4,3,0,2,0,0,1
Giants,18,8,1,8.4,398,8.4,0,0,5,2,1,4,3,0,0,0,0,1
Giants,19,9,1,-0.3,0,0,9,-0.3,9,0,0,6,2,1,0,0,0,0
Giants,20,6,1,0.1,0,0,0,0,6,0,0,2,2,1,0,1,0,0
Giants,21,6,1,5,0,0,328,5,5,0,1,2,0,2,0,2,0,0
Giants,22,9,0,0,0,0,0,0,8,0,1,1,4,3,0,1,0,0
Giants,23,6,0,0,0,0,0,0,3,1,2,2,1,1,1,0,1,0
Giants,24,7,0,0,0,0,0,0,6,1,0,3,1,1,2,0,0,0
Giants,25,8,0,0,0,0,0,0,6,1,1,5,2,0,1,0,0,0
Giants,26,10,1,0.6,0,0,148,0.6,8,1,1,5,2,2,0,0,0,1
Giants,27,10,0,0,0,0,0,0,9,0,1,4,2,2,2,0,0,0
Giants,28,7,0,0,0,0,0,0,6,0,1,2,2,3,0,0,0,0
Giants,29,7,0,0,0,0,0,0,7,0,0,4,1,0,2,0,0,0
Giants,30,6,1,-0.3,35,-0.3,0,0,4,1,1,3,0,0,0,2,1,0
Giants,31,5,0,0,0,0,0,0,3,2,0,2,1,1,1,0,0,0
Giants,32,7,0,0,0,0,0,0,7,0,0,1,1,1,3,1,0,0
Giants,33,6,1,0.4,0,0,30,0.4,6,0,0,2,1,1,0,2,0,0
Giants,34,5,0,0,0,0,0,0,4,1,0,1,2,0,0,1,0,1
Giants,35,6,0,0,0,0,0,0,5,0,1,5,0,0,0,1,0,0
Giants,36,2,0,0,0,0,0,0,2,0,0,0,2,0,0,0,0,0
Giants,37,5,1,0,5,0,0,0,5,0,0,2,1,1,0,1,0,0
Giants,38,4,0,0,0,0,0,0,3,0,1,0,2,1,1,0,0,0
Giants,39,2,0,0,0,0,0,0,2,0,0,2,0,0,0,0,0,0
Giants,40,4,0,0,0,0,0,0,3,0,1,4,0,0,0,0,0,0
Giants,41,4,0,0,0,0,0,0,3,0,1,1,1,2,0,0,0,0
Giants,42,2,0,0,0,0,0,0,2,0,0,0,1,1,0,0,0,0
Giants,43,2,0,0,0,0,0,0,1,1,0,1,0,1,0,0,0,0
Giants,44,4,0,0,0,0,0,0,2,0,2,2,2,0,0,0,0,0
Giants,45,1,0,0,0,0,0,0,1,0,0,0,0,0,1,0,0,0
Giants,46,3,0,0,0,0,0,0,2,1,0,0,0,2,0,1,0,0
Giants,48,2,1,0,0,0,0,0,2,0,0,2,0,0,0,0,0,0
Giants,49,1,0,0,0,0,0,0,1,0,0,1,0,0,0,0,0,0
Giants,50,2,0,0,0,0,0,0,2,0,0,0,1,0,1,0,0,0
Indians,1,12,7,45.2,1669,34.6,192,10.6,6,5,1,8,2,1,1,0,0,0
Indians,2,9,1,21.5,989,21.5,0,0,2,6,1,3,2,2,1,1,0,0
Indians,3,8,1,-1.3,56,-1.3,0,0,5,2,1,2,5,0,1,0,0,0
Indians,4,10,3,2.7,0,0,351,2.7,7,3,0,2,4,0,2,2,0,0
Indians,5,10,2,2.2,0,0,198,2.2,7,2,1,4,2,2,1,1,0,0
Indians,6,10,2,3.4,266,3.4,0,0,5,4,1,2,3,4,1,0,0,0
Indians,7,9,1,-0.1,4,-0.1,0,0,4,4,1,3,2,1,1,2,0,0
Indians,8,9,1,0,0,0,27,0,6,3,0,1,3,4,0,1,0,0
Indians,9,10,2,-0.4,0,0,37,-0.4,6,2,2,1,1,4,2,1,0,1
Indians,10,9,1,-1.3,156,-1.3,0,0,8,1,0,3,3,2,1,0,0,0
Indians,11,8,2,0.1,0,0,30,0.1,4,1,3,0,5,3,0,0,0,0
Indians,12,8,0,0,0,0,0,0,8,0,0,1,1,1,1,4,0,0
Indians,13,10,0,0,0,0,0,0,8,0,2,1,1,7,0,1,0,0
Indians,14,9,2,1.2,28,-0.5,34,1.7,5,1,3,2,4,2,0,1,0,0
Indians,15,7,0,0,0,0,0,0,2,2,3,3,3,0,1,0,0,0
Indians,16,6,2,2.5,0,0,38,2.5,4,1,1,3,0,2,0,1,0,0
Indians,17,4,0,0,0,0,0,0,2,1,1,1,2,1,0,0,0,0
Indians,18,10,1,1.3,0,0,48,1.3,8,1,1,2,2,4,1,0,0,1
Indians,19,7,1,-0.2,0,0,2,-0.2,3,2,2,0,1,2,1,3,0,0
Indians,20,7,0,0,0,0,0,0,4,2,1,2,1,1,0,2,0,1
Indians,21,6,0,0,0,0,0,0,6,0,0,2,2,1,0,1,0,0
Indians,22,5,1,0.4,0,0,19,0.4,5,0,0,2,1,0,1,1,0,0
Indians,23,7,1,9.6,0,0,452,9.6,5,0,2,2,1,1,0,3,0,0
Indians,24,6,0,0,0,0,0,0,2,2,2,3,1,1,0,0,0,1
Indians,25,4,0,0,0,0,0,0,3,0,1,2,0,1,1,0,0,0
Indians,26,4,0,0,0,0,0,0,3,0,1,2,0,1,0,1,0,0
Indians,27,3,1,0.2,0,0,16,0.2,2,0,1,0,0,2,1,0,0,0
Indians,28,5,0,0,0,0,0,0,2,0,3,1,1,1,1,1,0,0
Indians,29,2,0,0,0,0,0,0,2,0,0,0,1,1,0,0,0,0
Indians,30,1,0,0,0,0,0,0,1,0,0,1,0,0,0,0,0,0
Indians,31,1,0,0,0,0,0,0,1,0,0,1,0,0,0,0,0,0
Indians,32,3,0,0,0,0,0,0,1,1,1,0,2,0,1,0,0,0
Indians,33,4,1,3.1,290,3.1,0,0,2,0,2,4,0,0,0,0,0,0
Indians,34,2,1,-0.2,0,0,12,-0.2,1,0,1,0,1,0,0,1,0,0
Indians,35,4,0,0,0,0,0,0,4,0,0,0,2,0,0,2,0,0
Indians,36,5,0,0,0,0,0,0,2,0,3,1,0,2,1,1,0,0
Indians,37,2,0,0,0,0,0,0,1,0,1,0,1,1,0,0,0,0
Indians,38,5,0,0,0,0,0,0,3,0,2,1,2,1,0,1,0,0
Indians,39,3,0,0,0,0,0,0,3,0,0,1,0,0,2,0,0,0
Indians,40,4,0,0,0,0,0,0,4,0,0,0,1,2,0,1,0,0
Indians,41,2,0,0,0,0,0,0,1,1,0,0,0,1,0,1,0,0
Indians,42,2,0,0,0,0,0,0,2,0,0,0,1,0,0,1,0,0
Indians,43,2,0,0,0,0,0,0,2,0,0,1,0,0,1,0,0,0
Indians,46,2,0,0,0,0,0,0,2,0,0,0,0,1,1,0,0,0
Indians,47,1,0,0,0,0,0,0,0,1,0,0,1,0,0,0,0,0
Indians,48,2,1,3.6,0,0,151,3.6,2,0,0,1,0,1,0,0,0,0
Indians,49,2,0,0,0,0,0,0,1,0,1,1,0,1,0,0,0,0
Indians,50,2,0,0,0,0,0,0,2,0,0,0,0,0,1,1,0,0
Mariners,1,12,8,22.2,1531,15.2,427,7,7,5,0,6,2,2,1,0,1,0
Mariners,2,11,2,6.1,680,6.1,11,0,5,6,0,5,3,0,2,0,1,0
Mariners,3,10,4,35.3,1193,29.2,314,6.1,6,4,0,4,3,0,0,1,1,1
Mariners,4,9,4,-0.2,421,-1.1,35,0.9,8,1,0,3,1,0,5,0,0,0
Mariners,5,10,4,10,420,8.6,112,1.4,9,1,0,3,2,3,2,0,0,0
Mariners,6,10,0,0,0,0,0,0,4,5,1,3,3,2,2,0,0,0
Mariners,7,10,2,1,0,0,85,1,10,0,0,2,2,1,5,0,0,0
Mariners,8,9,4,2.9,129,-0.5,135,3.4,8,1,0,3,2,2,1,1,0,0
Mariners,9,9,0,0,0,0,0,0,7,2,0,3,1,3,0,1,0,1
Mariners,10,9,1,0.9,0,0,84,0.9,9,0,0,2,2,2,2,1,0,0
Mariners,11,8,1,-0.7,0,0,5,-0.7,5,3,0,3,2,0,1,1,0,1
Mariners,12,10,1,-2,94,-2,0,0,10,0,0,3,1,2,4,0,0,0
Mariners,13,10,1,3.7,0,0,438,3.7,8,2,0,3,2,1,3,0,1,0
Mariners,14,8,0,0,0,0,0,0,7,1,0,2,3,1,2,0,0,0
Mariners,15,9,0,0,0,0,0,0,7,2,0,4,1,1,3,0,0,0
Mariners,16,8,1,2.3,0,0,186,2.3,5,2,1,3,3,1,0,0,1,0
Mariners,17,8,1,0.1,0,0,30,0.1,5,1,2,2,3,1,1,1,0,0
Mariners,18,10,1,-1.4,0,0,7,-1.4,7,1,2,2,4,3,0,1,0,0
Mariners,19,10,0,0,0,0,0,0,6,1,3,4,2,1,2,1,0,0
Mariners,20,8,0,0,0,0,0,0,7,0,1,3,2,2,0,1,0,0
Mariners,21,9,0,0,0,0,0,0,9,0,0,3,3,0,2,1,0,0
Mariners,22,9,0,0,0,0,0,0,5,3,1,4,3,1,1,0,0,0
Mariners,23,7,1,-3.2,0,0,286,-3.2,5,1,1,2,2,0,2,1,0,0
Mariners,24,9,0,0,0,0,0,0,8,1,0,2,5,1,0,1,0,0
Mariners,25,7,0,0,0,0,0,0,4,3,0,1,2,1,2,1,0,0
Mariners,26,10,0,0,0,0,0,0,6,1,3,4,4,0,2,0,0,0
Mariners,27,9,0,0,0,0,0,0,7,2,0,2,2,1,2,1,0,1
Mariners,28,8,0,0,0,0,0,0,7,1,0,3,0,1,3,1,0,0
Mariners,29,8,0,0,0,0,0,0,8,0,0,3,2,0,2,1,0,0
Mariners,30,7,1,0,1,0,0,0,6,0,1,0,3,2,2,0,0,0
Mariners,31,5,0,0,0,0,0,0,4,1,0,0,3,2,0,0,0,0
Mariners,32,6,0,0,0,0,0,0,4,0,2,2,1,1,1,1,0,0
Mariners,33,5,0,0,0,0,0,0,4,1,0,1,2,0,1,0,1,0
Mariners,34,2,0,0,0,0,0,0,2,0,0,0,1,0,1,0,0,0
Mariners,35,5,0,0,0,0,0,0,4,1,0,1,0,1,1,1,1,0
Mariners,36,7,0,0,0,0,0,0,6,0,1,3,1,1,2,0,0,0
Mariners,37,5,0,0,0,0,0,0,4,1,0,0,3,0,1,1,0,0
Mariners,38,5,0,0,0,0,0,0,5,0,0,0,2,1,0,2,0,0
Mariners,39,5,0,0,0,0,0,0,5,0,0,1,2,1,1,0,0,0
Mariners,40,3,0,0,0,0,0,0,2,0,1,0,2,0,1,0,0,0
Mariners,41,4,0,0,0,0,0,0,3,0,1,0,2,2,0,0,0,0
Mariners,42,3,0,0,0,0,0,0,3,0,0,1,1,0,1,0,0,0
Mariners,43,2,0,0,0,0,0,0,1,0,1,0,1,0,1,0,0,0
Mariners,44,4,0,0,0,0,0,0,4,0,0,1,1,0,2,0,0,0
Mariners,45,3,0,0,0,0,0,0,2,1,0,2,0,0,1,0,0,0
Mariners,46,2,0,0,0,0,0,0,1,0,1,1,0,1,0,0,0,0
Mariners,47,2,0,0,0,0,0,0,1,0,1,0,1,0,1,0,0,0
Mariners,48,2,0,0,0,0,0,0,2,0,0,1,0,0,1,0,0,0
Mariners,49,1,0,0,0,0,0,0,0,0,1,0,0,1,0,0,0,0
Mariners,50,1,0,0,0,0,0,0,1,0,0,0,0,0,0,1,0,0
Marlins,1,11,6,41.9,1291,25,135,16.9,2,9,0,4,3,3,0,0,1,0
Marlins,2,9,5,47.4,1133,38.6,515,8.8,5,4,0,1,4,3,0,1,0,0
Marlins,3,10,3,15.7,701,16.2,11,-0.5,1,7,2,6,3,1,0,0,0,0
Marlins,4,8,2,-1.9,205,-1.9,0,0,3,5,0,1,4,2,1,0,0,0
Marlins,5,10,2,9.9,18,-0.5,495,10.4,8,2,0,4,3,2,1,0,0,0
Marlins,6,9,0,0,0,0,0,0,6,2,1,2,1,5,0,1,0,0
Marlins,7,10,1,1.8,309,1.8,0,0,4,3,3,3,4,0,1,2,0,0
Marlins,8,10,2,1.1,33,0.6,105,0.5,4,4,2,4,2,2,0,2,0,0
Marlins,9,10,4,7.9,237,2.8,563,5.1,7,2,1,2,2,2,0,3,0,1
Marlins,10,9,1,-0.6,0,0,0,0,7,2,0,1,5,3,0,0,0,0
Marlins,11,10,2,0.5,0,0,54,0.6,7,3,0,8,0,1,0,1,0,0
Marlins,12,10,1,0,17,0,0,0,4,4,2,3,2,1,1,1,0,2
Marlins,13,8,1,2.1,162,2.1,0,0,3,3,2,3,4,1,0,0,0,0
Marlins,14,9,0,0,0,0,0,0,7,1,1,3,3,2,1,0,0,0
Marlins,15,10,0,0,0,0,0,0,8,0,2,2,3,2,1,2,0,0
Marlins,16,7,2,-0.6,0,0,106,-0.6,6,1,0,4,2,0,0,1,0,0
Marlins,17,6,1,0.6,0,0,31,0.6,3,3,0,2,3,1,0,0,0,0
Marlins,18,10,1,1.7,0,0,161,1.7,9,0,1,4,1,3,2,0,0,0
Marlins,19,8,0,0,0,0,0,0,5,1,2,5,3,0,0,0,0,0
Marlins,20,8,0,0,0,0,0,0,6,1,1,2,2,2,0,2,0,0
Marlins,21,9,1,6.1,0,0,374,6.1,8,0,1,2,1,4,0,2,0,0
Marlins,22,9,0,0,0,0,0,0,7,2,0,5,1,2,1,0,0,0
Marlins,23,9,0,0,0,0,0,0,7,0,2,2,5,0,1,1,0,0
Marlins,24,10,1,-0.1,0,0,16,-0.1,8,1,1,4,3,2,1,0,0,0
Marlins,25,10,0,0,0,0,0,0,7,1,2,6,0,1,2,1,0,0
Marlins,26,9,0,0,0,0,0,0,8,1,0,4,3,1,0,0,0,1
Marlins,27,9,2,-0.6,0,0,54,-0.2,8,0,1,2,5,1,1,0,0,0
Marlins,28,8,1,-0.2,3,-0.2,0,0,8,0,0,4,2,0,0,2,0,0
Marlins,29,9,1,-0.9,0,0,0,0,8,0,1,2,3,2,0,2,0,0
Marlins,30,7,0,0,0,0,0,0,6,0,1,2,2,0,1,2,0,0
Marlins,31,4,0,0,0,0,0,0,4,0,0,0,1,2,0,1,0,0
Marlins,32,8,0,0,0,0,0,0,8,0,0,1,3,2,0,2,0,0
Marlins,33,5,0,0,0,0,0,0,5,0,0,2,2,0,1,0,0,0
Marlins,34,8,0,0,0,0,0,0,5,1,2,3,3,1,1,0,0,0
Marlins,35,6,0,0,0,0,0,0,5,0,1,1,4,0,1,0,0,0
Marlins,36,5,0,0,0,0,0,0,5,0,0,2,1,2,0,0,0,0
Marlins,37,4,0,0,0,0,0,0,3,1,0,2,0,0,1,1,0,0
Marlins,38,3,0,0,0,0,0,0,3,0,0,2,1,0,0,0,0,0
Marlins,39,1,0,0,0,0,0,0,0,1,0,0,1,0,0,0,0,0
Marlins,40,1,0,0,0,0,0,0,1,0,0,0,0,0,1,0,0,0
Marlins,42,2,0,0,0,0,0,0,2,0,0,2,0,0,0,0,0,0
Marlins,44,2,0,0,0,0,0,0,2,0,0,0,1,0,1,0,0,0
Marlins,45,1,0,0,0,0,0,0,0,0,1,0,1,0,0,0,0,0
Marlins,46,1,0,0,0,0,0,0,0,0,1,0,1,0,0,0,0,0
Marlins,48,1,0,0,0,0,0,0,0,0,1,0,1,0,0,0,0,0
Marlins,49,1,0,0,0,0,0,0,0,0,1,1,0,0,0,0,0,0
Marlins,50,1,0,0,0,0,0,0,0,1,0,1,0,0,0,0,0,0
Mets,1,14,9,39.8,1663,19.2,206,20.8,9,5,0,5,4,2,2,1,0,0
Mets,2,9,3,3,198,4.2,22,-1.2,4,5,0,4,2,0,1,1,0,1
Mets,3,11,3,4.3,414,2.7,82,1.6,7,4,0,8,1,2,0,0,0,0
Mets,4,10,2,0.1,55,0.4,0,0,6,2,2,3,5,1,1,0,0,0
Mets,5,9,3,1.6,188,1.2,24,0.4,7,1,1,4,0,2,3,0,0,0
Mets,6,9,1,0.7,116,0.7,0,0,6,2,1,4,3,0,1,0,1,0
Mets,7,10,3,7,913,7.8,15,-0.8,8,2,0,1,4,4,1,0,0,0
Mets,8,10,3,-1.2,248,-1.2,0,0,7,2,1,6,2,0,2,0,0,0
Mets,9,10,2,26.1,142,26.1,0,0,7,1,2,4,1,0,2,3,0,0
Mets,10,9,2,-1.2,35,-0.3,99,-0.9,6,3,0,5,3,0,1,0,0,0
Mets,11,10,2,-0.2,0,0,56,-0.2,5,3,2,3,1,3,2,1,0,0
Mets,12,9,2,1.6,51,1.8,8,-0.2,5,3,1,3,2,2,1,1,0,0
Mets,13,10,4,0.6,0,0,252,0.8,7,3,0,3,3,0,2,2,0,0
Mets,14,9,2,-2.6,0,0,49,-2.6,6,3,0,3,2,2,1,1,0,0
Mets,15,6,1,-0.2,34,-0.2,0,0,4,2,0,1,5,0,0,0,0,0
Mets,16,9,0,0,0,0,0,0,5,3,1,3,1,2,2,0,0,1
Mets,17,9,0,0,0,0,0,0,7,1,1,6,1,0,2,0,0,0
Mets,18,9,2,8,26,-0.6,169,8.6,7,2,0,6,2,0,1,0,0,0
Mets,19,8,0,0,0,0,0,0,7,1,0,6,1,0,1,0,0,0
Mets,20,7,1,-0.7,0,0,19,-0.7,6,1,0,2,1,2,2,0,0,0
Mets,21,6,2,5.8,0,0,165,5.7,4,1,1,2,2,1,1,0,0,0
Mets,22,6,1,-0.6,0,0,0,0,6,0,0,3,2,0,1,0,0,0
Mets,23,6,0,0,0,0,0,0,4,2,0,2,1,0,1,1,0,1
Mets,24,8,1,1.3,0,0,141,1.3,5,3,0,2,1,2,2,0,0,1
Mets,25,6,0,0,0,0,0,0,2,2,2,1,2,2,1,0,0,0
Mets,26,5,0,0,0,0,0,0,5,0,0,2,1,1,0,1,0,0
Mets,27,6,0,0,0,0,0,0,6,0,0,2,2,1,0,1,0,0
Mets,28,5,0,0,0,0,0,0,5,0,0,3,1,1,0,0,0,0
Mets,29,5,0,0,0,0,0,0,4,0,1,4,0,0,0,1,0,0
Mets,30,4,1,1.6,0,0,177,1.6,3,1,0,2,0,1,0,0,0,1
Mets,31,5,0,0,0,0,0,0,4,1,0,1,1,1,0,1,1,0
Mets,32,5,1,-0.4,111,-0.4,0,0,4,1,0,0,1,1,2,0,0,1
Mets,33,4,0,0,0,0,0,0,3,0,1,1,2,1,0,0,0,0
Mets,34,6,1,4.5,0,0,87,4.5,5,1,0,3,1,0,2,0,0,0
Mets,35,5,1,1,0,0,70,1,4,0,1,3,0,1,1,0,0,0
Mets,36,5,0,0,0,0,0,0,3,2,0,3,0,2,0,0,0,0
Mets,37,5,0,0,0,0,0,0,3,2,0,3,1,1,0,0,0,0
Mets,38,6,0,0,0,0,0,0,4,0,2,2,3,0,1,0,0,0
Mets,39,5,0,0,0,0,0,0,1,3,1,3,1,0,0,0,0,1
Mets,40,2,0,0,0,0,0,0,1,1,0,2,0,0,0,0,0,0
Mets,41,3,0,0,0,0,0,0,3,0,0,2,0,1,0,0,0,0
Mets,42,2,0,0,0,0,0,0,2,0,0,2,0,0,0,0,0,0
Mets,43,2,0,0,0,0,0,0,1,0,1,2,0,0,0,0,0,0
Mets,46,1,0,0,0,0,0,0,1,0,0,0,0,0,0,1,0,0
Mets,47,1,0,0,0,0,0,0,1,0,0,1,0,0,0,0,0,0
Mets,49,1,0,0,0,0,0,0,1,0,0,0,0,0,0,1,0,0
Mets,50,1,0,0,0,0,0,0,1,0,0,1,0,0,0,0,0,0
Nationals,1,13,10,79.7,1834,47.4,1021,32.3,8,4,1,6,5,2,0,0,0,0
Nationals,2,10,7,21.3,393,-1.4,387,22.7,7,3,0,2,3,3,0,2,0,0
Nationals,3,10,3,13.6,1337,13.7,12,-0.1,6,4,0,3,3,3,0,1,0,0
Nationals,4,10,4,10.7,610,8.8,107,2,4,3,3,3,1,5,1,0,0,0
Nationals,5,9,4,-0.3,99,0,0,0,8,1,0,4,2,3,0,0,0,0
Nationals,6,10,3,2.7,476,2.9,9,-0.2,5,3,2,5,0,4,1,0,0,0
Nationals,7,10,0,0,0,0,0,0,8,1,1,5,0,2,1,2,0,0
Nationals,8,10,2,1.7,0,0,181,1.7,9,1,0,5,2,2,0,0,0,1
Nationals,9,9,2,0.1,0,0,90,0.4,7,0,2,4,3,0,1,1,0,0
Nationals,10,10,2,3.7,0,0,165,3.7,9,1,0,3,2,5,0,0,0,0
Nationals,11,10,0,0,0,0,0,0,8,1,1,5,1,4,0,0,0,0
Nationals,12,10,2,10.9,0,0,176,10.9,8,1,1,5,1,3,0,1,0,0
Nationals,13,9,0,0,0,0,0,0,7,0,2,2,2,2,2,1,0,0
Nationals,14,6,0,0,0,0,0,0,3,0,3,1,1,2,0,2,0,0
Nationals,15,7,1,-0.1,39,-0.1,0,0,4,2,1,2,1,1,3,0,0,0
Nationals,16,9,1,-2.5,381,-2.5,0,0,4,1,4,3,2,2,2,0,0,0
Nationals,17,9,0,0,0,0,0,0,6,0,3,2,1,2,4,0,0,0
Nationals,18,8,0,0,0,0,0,0,5,2,1,4,0,3,1,0,0,0
Nationals,19,8,1,-1.3,291,-1.3,0,0,7,0,1,3,1,3,0,1,0,0
Nationals,20,6,0,0,0,0,0,0,6,0,0,0,4,1,0,1,0,0
Nationals,21,10,0,0,0,0,0,0,9,0,1,5,1,2,2,0,0,0
Nationals,22,9,0,0,0,0,0,0,8,0,1,4,0,2,0,3,0,0
Nationals,23,8,0,0,0,0,0,0,5,2,1,3,1,2,0,2,0,0
Nationals,24,7,0,0,0,0,0,0,4,0,3,1,1,5,0,0,0,0
Nationals,25,7,0,0,0,0,0,0,5,1,1,1,2,2,2,0,0,0
Nationals,26,6,0,0,0,0,0,0,5,1,0,2,1,2,1,0,0,0
Nationals,27,7,0,0,0,0,0,0,6,1,0,1,2,2,2,0,0,0
Nationals,28,9,0,0,0,0,0,0,7,0,2,4,2,1,0,2,0,0
Nationals,29,8,0,0,0,0,0,0,6,0,2,4,2,1,1,0,0,0
Nationals,30,7,0,0,0,0,0,0,6,0,1,4,0,3,0,0,0,0
Nationals,31,6,0,0,0,0,0,0,6,0,0,1,1,1,2,1,0,0
Nationals,32,5,1,1.8,242,1.8,0,0,4,0,1,1,1,2,1,0,0,0
Nationals,33,4,0,0,0,0,0,0,4,0,0,2,1,0,0,1,0,0
Nationals,34,4,0,0,0,0,0,0,3,1,0,1,0,2,0,1,0,0
Nationals,35,3,0,0,0,0,0,0,2,0,1,0,0,1,0,2,0,0
Nationals,36,3,0,0,0,0,0,0,2,0,1,1,0,2,0,0,0,0
Nationals,37,3,0,0,0,0,0,0,2,1,0,0,1,1,1,0,0,0
Nationals,38,2,0,0,0,0,0,0,1,0,1,1,0,0,1,0,0,0
Nationals,39,3,0,0,0,0,0,0,3,0,0,0,1,2,0,0,0,0
Nationals,40,1,0,0,0,0,0,0,1,0,0,0,0,0,0,1,0,0
Nationals,41,2,0,0,0,0,0,0,2,0,0,0,0,1,0,1,0,0
Nationals,42,1,0,0,0,0,0,0,1,0,0,1,0,0,0,0,0,0
Nationals,44,2,0,0,0,0,0,0,1,0,1,0,1,1,0,0,0,0
Nationals,45,2,0,0,0,0,0,0,2,0,0,0,0,2,0,0,0,0
Nationals,48,1,0,0,0,0,0,0,1,0,0,0,0,1,0,0,0,0
Nationals,49,2,0,0,0,0,0,0,2,0,0,1,0,0,1,0,0,0
Nationals,50,1,0,0,0,0,0,0,1,0,0,0,0,1,0,0,0,0
Orioles,1,11,6,68.9,1992,50.2,532,18.7,5,6,0,7,2,1,0,1,0,0
Orioles,2,7,3,5.2,105,0,220,5.2,3,3,1,3,1,0,1,2,0,0
Orioles,3,9,4,-1.4,132,-0.5,92,-0.9,5,3,1,5,2,1,1,0,0,0
Orioles,4,10,2,-0.7,71,-0.7,0,0,6,3,1,3,0,2,3,2,0,0
Orioles,5,9,3,25.1,0,0,252,25.1,4,4,1,4,0,2,1,0,1,1
Orioles,6,9,3,0.5,137,0.7,50,-0.2,5,3,1,4,0,2,2,1,0,0
Orioles,7,10,2,4.1,426,4.1,0,0,8,2,0,4,3,0,0,3,0,0
Orioles,8,9,2,2.1,302,2.1,0,0,6,3,0,2,1,3,1,2,0,0
Orioles,9,10,1,1.6,0,0,25,1.6,7,2,1,2,1,6,1,0,0,0
Orioles,10,8,2,0.9,34,0.3,42,0.6,6,0,2,2,1,3,2,0,0,0
Orioles,11,9,3,-0.3,7,0,71,-0.3,7,2,0,3,1,1,2,2,0,0
Orioles,12,8,0,0,0,0,0,0,6,0,2,3,2,1,1,1,0,0
Orioles,13,8,3,0.1,150,0.3,23,-0.2,7,1,0,3,2,0,1,2,0,0
Orioles,14,8,0,0,0,0,0,0,2,2,4,3,1,3,0,1,0,0
Orioles,15,6,1,-0.4,0,0,18,-0.4,3,1,2,2,1,3,0,0,0,0
Orioles,16,9,0,0,0,0,0,0,4,3,2,2,4,0,2,1,0,0
Orioles,17,7,0,0,0,0,0,0,4,2,1,2,2,0,1,1,0,1
Orioles,18,7,0,0,0,0,0,0,4,1,2,4,3,0,0,0,0,0
Orioles,19,8,1,4.4,0,0,84,4.4,6,1,1,3,2,0,1,2,0,0
Orioles,20,7,0,0,0,0,0,0,4,1,2,0,2,3,1,0,0,1
Orioles,21,8,2,0.2,0,0,13,0.2,6,1,1,4,1,2,1,0,0,0
Orioles,22,9,0,0,0,0,0,0,5,2,2,2,0,5,2,0,0,0
Orioles,23,8,1,-0.2,0,0,8,-0.2,7,1,0,3,2,2,0,0,0,1
Orioles,24,9,1,0.9,0,0,43,0.9,6,1,2,5,2,1,1,0,0,0
Orioles,25,6,0,0,0,0,0,0,3,2,1,2,0,1,1,1,0,1
Orioles,26,8,1,5.6,0,0,78,5.6,3,2,3,3,2,2,1,0,0,0
Orioles,27,7,1,1.5,0,0,89,1.5,6,0,1,4,0,2,1,0,0,0
Orioles,28,7,0,0,0,0,0,0,5,2,0,2,0,1,3,1,0,0
Orioles,29,7,0,0,0,0,0,0,4,1,2,1,3,0,2,0,0,1
Orioles,30,8,0,0,0,0,0,0,7,0,1,3,1,0,2,2,0,0
Orioles,31,7,0,0,0,0,0,0,6,0,1,2,1,2,2,0,0,0
Orioles,32,3,0,0,0,0,0,0,2,0,1,0,1,1,1,0,0,0
Orioles,33,6,0,0,0,0,0,0,4,2,0,2,1,0,2,1,0,0
Orioles,34,6,0,0,0,0,0,0,6,0,0,1,1,3,0,0,1,0
Orioles,35,5,0,0,0,0,0,0,5,0,0,1,0,2,2,0,0,0
Orioles,36,6,0,0,0,0,0,0,6,0,0,1,2,2,1,0,0,0
Orioles,37,5,0,0,0,0,0,0,4,0,1,3,1,0,1,0,0,0
Orioles,38,8,0,0,0,0,0,0,8,0,0,4,1,1,1,1,0,0
Orioles,39,4,0,0,0,0,0,0,3,0,1,1,1,1,1,0,0,0
Orioles,40,7,0,0,0,0,0,0,6,1,0,2,0,1,3,1,0,0
Orioles,42,4,0,0,0,0,0,0,2,0,2,0,2,1,1,0,0,0
Orioles,43,3,1,-0.1,0,0,131,-0.1,3,0,0,1,1,0,1,0,0,0
Orioles,44,1,0,0,0,0,0,0,1,0,0,1,0,0,0,0,0,0
Orioles,45,2,0,0,0,0,0,0,0,1,1,0,0,0,0,1,0,1
Orioles,46,1,0,0,0,0,0,0,1,0,0,0,1,0,0,0,0,0
Orioles,47,2,0,0,0,0,0,0,2,0,0,0,0,0,1,1,0,0
Orioles,48,2,0,0,0,0,0,0,2,0,0,0,2,0,0,0,0,0
Orioles,50,2,0,0,0,0,0,0,1,1,0,0,1,0,1,0,0,0
Padres,1,23,13,36.6,2754,33.2,108,4,13,9,1,13,4,2,2,2,0,0
Padres,2,14,5,16.5,1607,16.5,0,0,7,7,0,5,3,4,2,0,0,0
Padres,3,8,2,0.3,50,-0.9,111,1.2,5,1,2,1,1,5,1,0,0,0
Padres,4,10,5,31.8,20,-0.2,221,34.1,6,3,1,6,3,1,0,0,0,0
Padres,5,10,4,4.2,296,6,197,-1.8,7,2,1,6,0,1,0,3,0,0
Padres,6,10,3,-0.6,48,-0.3,125,-0.3,4,5,1,6,1,0,1,1,0,1
Padres,7,9,3,3.8,85,0.7,145,3.1,6,3,0,3,3,1,1,1,0,0
Padres,8,10,2,0.5,116,-0.1,203,0.6,7,3,0,5,2,1,0,1,0,1
Padres,9,9,3,1.4,0,0,116,1,7,0,2,1,4,1,0,3,0,0
Padres,10,9,1,0.4,0,0,26,0.4,8,0,1,6,0,2,1,0,0,0
Padres,11,9,1,-0.7,0,0,0,0,8,1,0,3,3,1,2,0,0,0
Padres,12,9,3,-0.5,75,-0.5,0,0,7,2,0,6,1,1,0,1,0,0
Padres,13,9,1,0.1,0,0,0,0,7,1,1,1,2,4,0,1,0,1
Padres,14,8,3,-0.4,121,1.5,66,-1.9,7,0,1,1,2,3,2,0,0,0
Padres,15,8,0,0,0,0,0,0,3,1,4,3,3,0,1,1,0,0
Padres,16,9,0,0,0,0,0,0,8,0,1,4,2,1,1,1,0,0
Padres,17,10,3,-1.4,0,0,238,-1.4,10,0,0,4,2,1,2,1,0,0
Padres,18,8,1,4.8,0,0,348,4.8,5,1,2,2,3,1,2,0,0,0
Padres,19,8,0,0,0,0,0,0,4,3,1,5,0,1,1,1,0,0
Padres,20,9,1,-0.3,0,0,88,-0.3,6,1,2,3,2,2,1,1,0,0
Padres,21,8,0,0,0,0,0,0,6,0,2,2,4,1,0,1,0,0
Padres,22,9,1,-0.3,8,-0.3,0,0,8,1,0,3,3,1,1,1,0,0
Padres,23,7,0,0,0,0,0,0,5,0,2,4,0,2,1,0,0,0
Padres,24,7,1,-0.2,14,-0.2,0,0,7,0,0,4,3,0,0,0,0,0
Padres,25,6,0,0,0,0,0,0,5,1,0,4,1,0,1,0,0,0
Padres,26,6,1,0.1,13,0.1,0,0,6,0,0,2,0,0,2,2,0,0
Padres,27,8,0,0,0,0,0,0,7,0,1,4,1,1,1,1,0,0
Padres,28,8,1,-0.1,4,-0.1,0,0,5,2,1,2,1,3,1,1,0,0
Padres,29,9,1,-0.2,0,0,0,0,7,1,1,2,1,2,1,2,0,1
Padres,30,7,1,-0.1,0,0,59,-0.1,7,0,0,1,4,2,0,0,0,0
Padres,31,6,1,-0.7,0,0,27,-0.7,6,0,0,4,0,1,1,0,0,0
Padres,32,8,0,0,0,0,0,0,7,0,1,2,2,1,2,1,0,0
Padres,33,7,1,0.6,148,0.6,0,0,6,0,1,2,3,0,0,2,0,0
Padres,34,6,0,0,0,0,0,0,5,0,1,3,2,1,0,0,0,0
Padres,35,5,0,0,0,0,0,0,5,0,0,1,1,0,3,0,0,0
Padres,36,3,1,0.4,0,0,21,0.4,3,0,0,1,1,0,1,0,0,0
Padres,37,6,0,0,0,0,0,0,4,1,1,3,1,1,0,0,0,1
Padres,38,5,0,0,0,0,0,0,4,1,0,1,1,0,2,1,0,0
Padres,39,4,0,0,0,0,0,0,4,0,0,1,1,1,0,1,0,0
Padres,40,4,0,0,0,0,0,0,4,0,0,1,0,0,2,1,0,0
Padres,41,1,0,0,0,0,0,0,1,0,0,1,0,0,0,0,0,0
Padres,42,2,1,6.5,0,0,420,6.5,2,0,0,0,0,0,1,1,0,0
Padres,43,3,0,0,0,0,0,0,2,0,1,1,0,0,0,1,1,0
Padres,44,2,0,0,0,0,0,0,1,1,0,0,0,1,0,1,0,0
Padres,49,1,0,0,0,0,0,0,1,0,0,0,0,1,0,0,0,0
Padres,50,2,0,0,0,0,0,0,2,0,0,1,1,0,0,0,0,0
Phillies,1,12,5,18.7,460,3.1,188,15.6,2,10,0,3,6,1,2,0,0,0
Phillies,2,12,6,1.3,706,1.4,8,-0.1,5,7,0,2,6,2,1,1,0,0
Phillies,3,12,4,10.1,296,3,319,7.1,5,7,0,2,6,2,0,1,0,1
Phillies,4,10,2,-2,390,-2.3,120,0.3,7,2,1,3,3,2,0,2,0,0
Phillies,5,8,3,1.4,237,1.4,0,0,5,3,0,0,7,0,0,1,0,0
Phillies,6,8,1,-0.9,42,-0.9,0,0,6,1,1,1,2,1,1,2,1,0
Phillies,7,9,4,5.8,0,0,380,5.8,6,1,2,5,2,2,0,0,0,0
Phillies,8,10,1,-0.9,114,-0.9,0,0,5,4,1,2,3,3,0,1,0,1
Phillies,9,9,1,2.6,302,2.6,0,0,7,1,1,2,2,3,1,1,0,0
Phillies,10,9,2,-0.5,0,0,98,-0.5,8,1,0,3,2,2,2,0,0,0
Phillies,11,10,2,1.2,0,0,270,1.2,5,3,2,1,5,2,1,1,0,0
Phillies,12,8,2,0.3,0,0,72,0.3,5,3,0,3,4,0,0,0,0,1
Phillies,13,8,2,-1.2,0,0,89,-1.2,5,3,0,1,2,3,0,2,0,0
Phillies,14,9,1,-0.1,0,0,47,-0.1,5,2,2,1,3,3,2,0,0,0
Phillies,15,8,0,0,0,0,0,0,7,1,0,4,1,1,0,2,0,0
Phillies,16,9,1,-0.8,0,0,78,-0.8,8,0,1,4,3,1,1,0,0,0
Phillies,17,9,1,-0.5,0,0,15,-0.5,8,0,1,5,1,1,0,1,1,0
Phillies,18,7,0,0,0,0,0,0,7,0,0,1,4,0,0,2,0,0
Phillies,19,8,1,-0.1,3,-0.1,0,0,8,0,0,2,2,2,1,1,0,0
Phillies,20,9,1,-1,286,-1,0,0,6,2,1,3,3,2,0,1,0,0
Phillies,21,9,1,-0.2,0,0,5,-0.2,5,2,2,1,3,3,1,1,0,0
Phillies,22,8,1,-1,0,0,44,-1,6,2,0,3,1,1,2,1,0,0
Phillies,23,9,0,0,0,0,0,0,9,0,0,0,2,2,2,3,0,0
Phillies,24,9,0,0,0,0,0,0,7,0,2,4,2,1,1,1,0,0
Phillies,25,6,0,0,0,0,0,0,6,0,0,0,3,1,0,2,0,0
Phillies,26,8,0,0,0,0,0,0,8,0,0,3,1,2,1,1,0,0
Phillies,27,7,0,0,0,0,0,0,4,2,1,4,1,0,0,2,0,0
Phillies,28,9,0,0,0,0,0,0,6,1,2,2,4,2,1,0,0,0
Phillies,29,3,0,0,0,0,0,0,2,0,1,2,0,0,1,0,0,0
Phillies,30,3,1,2.2,0,0,359,2.2,1,1,1,1,0,2,0,0,0,0
Phillies,31,6,0,0,0,0,0,0,4,1,1,1,1,1,1,2,0,0
Phillies,32,8,0,0,0,0,0,0,6,1,1,2,0,4,1,1,0,0
Phillies,33,4,1,-0.2,51,-0.2,0,0,3,1,0,0,1,0,2,0,1,0
Phillies,34,5,0,0,0,0,0,0,3,1,1,2,2,0,0,0,1,0
Phillies,35,5,0,0,0,0,0,0,4,1,0,1,1,0,2,0,1,0
Phillies,36,3,0,0,0,0,0,0,3,0,0,1,0,1,1,0,0,0
Phillies,37,2,0,0,0,0,0,0,1,1,0,0,0,1,1,0,0,0
Phillies,38,2,1,4.2,0,0,74,4.2,1,1,0,0,0,1,1,0,0,0
Phillies,42,1,0,0,0,0,0,0,1,0,0,0,0,0,0,1,0,0
Phillies,43,1,0,0,0,0,0,0,1,0,0,0,0,0,0,1,0,0
Phillies,47,3,0,0,0,0,0,0,0,1,2,0,0,1,1,1,0,0
Phillies,49,1,0,0,0,0,0,0,0,1,0,1,0,0,0,0,0,0
Phillies,50,1,0,0,0,0,0,0,1,0,0,1,0,0,0,0,0,0
Pirates,1,14,9,30.6,1037,6.1,319,24.5,9,5,0,4,3,6,1,0,0,0
Pirates,2,10,4,0.6,347,1.8,40,-1.2,2,8,0,2,3,3,0,2,0,0
Pirates,3,10,4,10.4,1157,10.4,0,0,7,1,2,5,1,2,0,2,0,0
Pirates,4,9,3,-1.2,229,-1.1,6,-0.2,3,5,1,4,2,3,0,0,0,0
Pirates,5,10,3,5,0,0,475,5,6,2,2,2,6,1,1,0,0,0
Pirates,6,9,2,7.7,812,7.7,0,0,6,2,1,3,0,3,0,3,0,0
Pirates,7,9,1,0.1,21,0.1,0,0,3,5,1,2,2,2,0,0,0,3
Pirates,8,9,0,0,0,0,0,0,4,4,1,3,1,2,2,1,0,0
Pirates,9,10,6,18.8,586,5.4,564,11.6,9,1,0,3,2,2,2,1,0,0
Pirates,10,8,2,0.7,0,0,54,0.8,6,2,0,2,2,0,3,1,0,0
Pirates,11,8,0,0,0,0,0,0,6,2,0,2,2,2,2,0,0,0
Pirates,12,10,0,0,0,0,0,0,6,1,3,4,3,2,0,1,0,0
Pirates,13,7,0,0,0,0,0,0,5,2,0,3,2,1,0,1,0,0
Pirates,14,6,1,0.5,0,0,0,0,3,1,2,1,1,4,0,0,0,0
Pirates,15,6,0,0,0,0,0,0,3,1,2,1,2,2,0,1,0,0
Pirates,16,8,1,0.6,84,0.6,0,0,4,3,1,3,1,3,0,1,0,0
Pirates,17,6,0,0,0,0,0,0,4,2,0,2,1,1,1,1,0,0
Pirates,18,9,0,0,0,0,0,0,7,1,1,2,2,1,2,2,0,0
Pirates,19,4,0,0,0,0,0,0,3,1,0,0,0,2,1,1,0,0
Pirates,20,7,1,-0.4,0,0,0,0,6,1,0,2,1,0,4,0,0,0
Pirates,21,9,1,-0.3,0,0,2,-0.3,6,1,2,2,2,2,3,0,0,0
Pirates,22,6,0,0,0,0,0,0,5,1,0,1,2,0,3,0,0,0
Pirates,23,6,0,0,0,0,0,0,5,1,0,3,0,2,0,1,0,0
Pirates,24,6,1,0,1,0,0,0,6,0,0,0,3,2,1,0,0,0
Pirates,25,8,1,-0.5,0,0,0,0,7,0,1,2,2,3,0,1,0,0
Pirates,26,4,0,0,0,0,0,0,4,0,0,1,0,1,1,1,0,0
Pirates,27,7,0,0,0,0,0,0,4,1,2,0,1,2,1,2,0,1
Pirates,28,4,0,0,0,0,0,0,3,0,1,1,1,0,2,0,0,0
Pirates,29,2,0,0,0,0,0,0,2,0,0,0,1,1,0,0,0,0
Pirates,30,6,0,0,0,0,0,0,6,0,0,3,1,0,1,1,0,0
Pirates,31,4,0,0,0,0,0,0,4,0,0,3,0,0,0,1,0,0
Pirates,32,4,0,0,0,0,0,0,3,0,1,3,0,1,0,0,0,0
Pirates,33,7,0,0,0,0,0,0,6,1,0,3,0,0,1,2,1,0
Pirates,34,3,0,0,0,0,0,0,2,0,1,2,1,0,0,0,0,0
Pirates,35,4,0,0,0,0,0,0,4,0,0,2,0,1,0,1,0,0
Pirates,36,4,0,0,0,0,0,0,2,0,2,2,1,1,0,0,0,0
Pirates,37,2,0,0,0,0,0,0,1,0,1,2,0,0,0,0,0,0
Pirates,38,1,0,0,0,0,0,0,1,0,0,1,0,0,0,0,0,0
Pirates,39,2,0,0,0,0,0,0,2,0,0,2,0,0,0,0,0,0
Pirates,40,1,1,0.1,0,0,11,0.1,1,0,0,0,0,0,1,0,0,0
Pirates,41,3,0,0,0,0,0,0,2,1,0,1,0,0,2,0,0,0
Pirates,42,3,0,0,0,0,0,0,3,0,0,1,1,0,1,0,0,0
Pirates,43,1,0,0,0,0,0,0,1,0,0,1,0,0,0,0,0,0
Pirates,44,1,0,0,0,0,0,0,1,0,0,1,0,0,0,0,0,0
Pirates,45,1,0,0,0,0,0,0,1,0,0,1,0,0,0,0,0,0
Pirates,48,2,0,0,0,0,0,0,2,0,0,0,0,1,1,0,0,0
Pirates,49,2,0,0,0,0,0,0,1,1,0,0,0,0,2,0,0,0
Pirates,50,1,0,0,0,0,0,0,1,0,0,0,0,0,0,1,0,0
Rangers,1,19,11,24.2,2004,12.5,760,11.7,7,12,0,11,3,2,2,0,1,0
Rangers,2,11,3,2,218,-0.7,271,2.7,2,9,0,6,2,2,1,0,0,0
Rangers,3,10,2,-0.3,0,0,115,-0.3,5,5,0,3,5,0,1,1,0,0
Rangers,4,9,4,0,196,1.3,50,-1.3,3,4,2,2,4,2,1,0,0,0
Rangers,5,8,1,-2.5,0,0,302,-2.5,4,3,1,4,1,2,0,1,0,0
Rangers,6,9,3,3.3,39,-0.3,111,3.6,7,2,0,3,2,3,0,0,0,1
Rangers,7,9,1,-0.1,0,0,15,-0.1,4,3,2,3,0,4,0,2,0,0
Rangers,8,10,1,14.5,0,0,130,14.5,6,0,4,2,4,1,1,2,0,0
Rangers,9,9,0,0,0,0,0,0,8,1,0,3,1,2,3,0,0,0
Rangers,10,8,1,-0.6,74,-0.6,0,0,7,0,1,4,1,2,0,1,0,0
Rangers,11,9,2,-0.2,9,-0.4,7,0.2,3,1,5,4,2,2,1,0,0,0
Rangers,12,9,1,3.9,0,0,196,3.9,7,0,2,4,1,0,3,1,0,0
Rangers,13,8,0,0,0,0,0,0,4,3,1,3,1,1,1,2,0,0
Rangers,14,9,3,-0.4,0,0,98,-0.4,4,2,3,3,0,3,2,1,0,0
Rangers,15,8,3,6.8,102,0.7,84,6.1,4,2,2,4,2,0,1,1,0,0
Rangers,16,9,3,-0.7,31,-0.6,200,-0.1,5,2,2,1,1,2,2,2,0,1
Rangers,17,8,2,7.6,1314,7.6,0,0,5,2,1,2,2,1,2,1,0,0
Rangers,18,7,1,1.7,0,0,88,1.7,5,1,1,2,0,2,2,1,0,0
Rangers,19,6,0,0,0,0,0,0,5,0,1,2,0,2,0,2,0,0
Rangers,20,6,0,0,0,0,0,0,5,1,0,4,1,0,1,0,0,0
Rangers,21,8,0,0,0,0,0,0,5,2,1,1,1,4,1,0,0,1
Rangers,22,7,1,-0.2,0,0,12,-0.2,7,0,0,3,1,1,1,1,0,0
Rangers,23,9,0,0,0,0,0,0,6,3,0,4,1,1,2,1,0,0
Rangers,24,6,0,0,0,0,0,0,4,2,0,1,1,1,2,1,0,0
Rangers,25,5,0,0,0,0,0,0,2,2,1,3,0,0,0,2,0,0
Rangers,26,6,0,0,0,0,0,0,4,1,1,4,1,0,1,0,0,0
Rangers,27,6,1,4.8,0,0,202,4.8,3,1,2,0,2,1,0,2,0,1
Rangers,28,6,0,0,0,0,0,0,2,3,1,3,1,1,1,0,0,0
Rangers,29,5,0,0,0,0,0,0,4,0,1,4,0,0,1,0,0,0
Rangers,30,8,2,0.1,0,0,54,0.1,5,2,1,5,0,0,1,2,0,0
Rangers,31,8,0,0,0,0,0,0,7,1,0,3,2,0,1,2,0,0
Rangers,32,6,0,0,0,0,0,0,5,1,0,2,0,0,0,3,1,0
Rangers,33,6,0,0,0,0,0,0,5,0,1,3,0,1,1,1,0,0
Rangers,34,9,0,0,0,0,0,0,7,0,2,2,4,1,0,2,0,0
Rangers,35,1,0,0,0,0,0,0,0,1,0,0,0,0,0,1,0,0
Rangers,36,3,0,0,0,0,0,0,3,0,0,1,2,0,0,0,0,0
Rangers,37,1,0,0,0,0,0,0,0,0,1,0,1,0,0,0,0,0
Rangers,38,4,0,0,0,0,0,0,3,1,0,0,1,1,0,2,0,0
Rangers,40,7,0,0,0,0,0,0,4,1,2,2,2,1,2,0,0,0
Rangers,41,1,0,0,0,0,0,0,1,0,0,0,0,1,0,0,0,0
Rangers,42,3,0,0,0,0,0,0,2,0,1,0,0,1,0,2,0,0
Rangers,43,2,1,0,0,0,71,0,2,0,0,0,0,0,1,1,0,0
Rangers,45,3,0,0,0,0,0,0,2,1,0,1,0,1,0,0,0,1
Rangers,46,1,0,0,0,0,0,0,1,0,0,0,0,1,0,0,0,0
Rangers,47,1,0,0,0,0,0,0,1,0,0,1,0,0,0,0,0,0
Rangers,48,1,1,3,0,0,168,3,0,1,0,1,0,0,0,0,0,0
Rangers,50,1,0,0,0,0,0,0,1,0,0,0,1,0,0,0,0,0
Rays,1,21,9,52.4,800,4.7,448,47.7,7,13,1,10,8,1,1,1,0,0
Rays,2,13,2,4.9,599,4.7,34,0.2,6,6,1,5,3,3,0,2,0,0
Rays,3,10,3,3,125,3,0,0,2,7,1,2,3,3,2,0,0,0
Rays,4,9,0,0,0,0,0,0,3,6,0,2,3,3,1,0,0,0
Rays,5,9,1,0,77,0,0,0,4,4,1,1,4,2,2,0,0,0
Rays,6,9,1,1.4,0,0,53,1.4,5,2,2,2,2,3,2,0,0,0
Rays,7,9,1,-0.4,0,0,6,-0.4,8,0,1,4,3,1,0,1,0,0
Rays,8,10,2,5.5,168,1.2,173,4.3,7,3,0,3,3,3,0,1,0,0
Rays,9,10,2,-0.6,267,0.7,50,-1.3,7,3,0,2,3,3,0,2,0,0
Rays,10,9,1,1.2,0,0,31,1.2,7,2,0,4,4,0,1,0,0,0
Rays,11,9,0,0,0,0,0,0,3,5,1,3,0,5,0,0,1,0
Rays,12,9,3,7.4,529,6.8,17,0.6,6,3,0,5,3,1,0,0,0,0
Rays,13,9,1,1.7,0,0,66,1.7,6,1,2,3,2,4,0,0,0,0
Rays,14,9,1,0.3,0,0,19,0.3,7,1,1,4,3,0,1,1,0,0
Rays,15,7,0,0,0,0,0,0,4,1,2,4,1,1,1,0,0,0
Rays,16,6,0,0,0,0,0,0,5,0,1,4,2,0,0,0,0,0
Rays,17,6,1,-0.9,141,-0.9,0,0,5,1,0,2,2,0,1,0,0,1
Rays,18,10,0,0,0,0,0,0,8,2,0,3,4,3,0,0,0,0
Rays,19,10,0,0,0,0,0,0,8,1,1,4,3,1,2,0,0,0
Rays,20,8,1,-0.4,0,0,24,-0.4,6,1,1,4,3,0,1,0,0,0
Rays,21,8,1,1,0,0,118,1,6,2,0,1,2,0,3,1,0,1
Rays,22,6,0,0,0,0,0,0,5,1,0,3,1,0,0,2,0,0
Rays,23,7,0,0,0,0,0,0,4,1,2,3,2,2,0,0,0,0
Rays,24,8,0,0,0,0,0,0,6,2,0,1,2,1,2,1,0,1
Rays,25,9,0,0,0,0,0,0,6,2,1,4,4,1,0,0,0,0
Rays,26,7,0,0,0,0,0,0,6,0,1,2,2,2,1,0,0,0
Rays,27,8,0,0,0,0,0,0,5,1,2,2,3,2,1,0,0,0
Rays,28,7,1,-0.4,0,0,85,-0.4,6,0,1,0,2,3,0,2,0,0
Rays,29,6,1,0.3,0,0,23,0.3,5,0,1,2,2,1,0,1,0,0
Rays,30,6,0,0,0,0,0,0,4,1,1,2,2,2,0,0,0,0
Rays,31,6,1,23.9,544,23.9,0,0,4,0,2,2,0,0,2,2,0,0
Rays,32,6,0,0,0,0,0,0,6,0,0,3,1,1,0,1,0,0
Rays,33,5,0,0,0,0,0,0,4,0,1,2,2,1,0,0,0,0
Rays,34,8,1,0.1,0,0,57,0.1,6,2,0,3,2,1,2,0,0,0
Rays,35,7,0,0,0,0,0,0,6,0,1,3,0,3,1,0,0,0
Rays,36,6,0,0,0,0,0,0,5,0,1,1,3,0,1,1,0,0
Rays,37,4,0,0,0,0,0,0,4,0,0,0,3,0,1,0,0,0
Rays,38,5,0,0,0,0,0,0,5,0,0,2,1,0,2,0,0,0
Rays,39,5,0,0,0,0,0,0,4,0,1,2,1,1,0,1,0,0
Rays,40,3,0,0,0,0,0,0,2,0,1,1,1,1,0,0,0,0
Rays,41,4,1,-0.2,0,0,0,0,4,0,0,3,1,0,0,0,0,0
Rays,42,2,0,0,0,0,0,0,2,0,0,2,0,0,0,0,0,0
Rays,43,2,0,0,0,0,0,0,2,0,0,0,0,1,0,1,0,0
Rays,44,1,0,0,0,0,0,0,1,0,0,0,1,0,0,0,0,0
Rays,46,1,0,0,0,0,0,0,0,0,1,0,0,0,0,1,0,0
Rays,47,1,0,0,0,0,0,0,1,0,0,0,0,0,0,1,0,0
Rays,50,2,0,0,0,0,0,0,2,0,0,0,0,1,1,0,0,0
Red Sox,1,19,15,19.2,1482,18.3,472,0.9,11,8,0,7,2,4,3,2,0,1
Red Sox,2,8,5,4.5,42,-0.7,418,5.2,4,3,1,2,0,3,2,1,0,0
Red Sox,3,11,3,0.5,0,0,41,0.5,5,5,1,5,2,1,1,2,0,0
Red Sox,4,10,4,1.2,168,1.1,121,0.1,7,3,0,4,1,2,2,1,0,0
Red Sox,5,10,2,32.8,984,32.8,0,0,3,7,0,2,1,1,4,1,0,1
Red Sox,6,9,3,27,1188,27.1,14,-0.1,4,3,2,3,2,2,1,1,0,0
Red Sox,7,10,3,-1,131,-0.8,20,-0.1,7,3,0,7,2,1,0,0,0,0
Red Sox,8,8,0,0,0,0,0,0,7,1,0,5,0,1,2,0,0,0
Red Sox,9,9,4,12,777,12,2,0,6,2,1,3,1,3,0,1,0,1
Red Sox,10,10,0,0,0,0,0,0,6,3,1,4,2,1,1,1,0,1
Red Sox,11,8,2,3.9,175,-0.6,302,4.5,3,4,1,4,2,1,1,0,0,0
Red Sox,12,9,1,-0.3,0,0,11,-0.3,8,1,0,7,2,0,0,0,0,0
Red Sox,13,7,2,-0.5,10,-0.5,16,0,5,1,1,5,0,1,1,0,0,0
Red Sox,14,8,1,0.7,0,0,16,0.7,6,1,1,4,3,0,0,1,0,0
Red Sox,15,5,0,0,0,0,0,0,3,2,0,3,2,0,0,0,0,0
Red Sox,16,7,0,0,0,0,0,0,3,3,1,4,1,1,0,0,0,1
Red Sox,17,6,1,-0.1,0,0,21,-0.1,2,3,1,1,0,3,1,0,0,1
Red Sox,18,6,1,4.1,0,0,247,4.1,3,3,0,3,1,0,2,0,0,0
Red Sox,19,7,0,0,0,0,0,0,3,2,2,1,2,1,1,2,0,0
Red Sox,20,7,1,-0.1,3,-0.1,0,0,4,2,1,2,0,1,3,0,0,1
Red Sox,21,5,0,0,0,0,0,0,5,0,0,1,2,1,1,0,0,0
Red Sox,22,5,0,0,0,0,0,0,4,0,1,1,0,2,1,1,0,0
Red Sox,23,7,1,0.5,0,0,25,0.5,5,2,0,1,0,5,1,0,0,0
Red Sox,24,6,0,0,0,0,0,0,6,0,0,2,1,1,0,1,1,0
Red Sox,25,4,0,0,0,0,0,0,2,1,1,0,0,2,1,1,0,0
Red Sox,26,5,0,0,0,0,0,0,2,2,1,4,1,0,0,0,0,0
Red Sox,27,2,1,0.2,0,0,73,0.2,1,1,0,1,0,1,0,0,0,0
Red Sox,28,2,0,0,0,0,0,0,2,0,0,1,0,0,1,0,0,0
Red Sox,29,3,0,0,0,0,0,0,1,2,0,2,0,0,1,0,0,0
Red Sox,30,5,0,0,0,0,0,0,3,2,0,2,0,0,2,1,0,0
Red Sox,31,5,0,0,0,0,0,0,2,0,3,2,2,1,0,0,0,0
Red Sox,33,2,0,0,0,0,0,0,1,0,1,0,0,1,1,0,0,0
Red Sox,34,4,0,0,0,0,0,0,4,0,0,2,1,0,1,0,0,0
Red Sox,35,4,1,-0.4,11,-0.4,0,0,1,3,0,1,0,1,0,0,0,2
Red Sox,36,4,0,0,0,0,0,0,2,2,0,4,0,0,0,0,0,0
Red Sox,37,4,0,0,0,0,0,0,4,0,0,1,0,2,1,0,0,0
Red Sox,38,1,0,0,0,0,0,0,1,0,0,0,1,0,0,0,0,0
Red Sox,39,3,0,0,0,0,0,0,2,1,0,0,0,0,2,1,0,0
Red Sox,40,3,0,0,0,0,0,0,3,0,0,0,2,0,1,0,0,0
Red Sox,41,4,0,0,0,0,0,0,3,0,1,1,1,0,2,0,0,0
Red Sox,42,1,0,0,0,0,0,0,1,0,0,0,1,0,0,0,0,0
Red Sox,44,2,0,0,0,0,0,0,0,1,1,1,0,0,1,0,0,0
Red Sox,45,3,0,0,0,0,0,0,3,0,0,0,1,0,2,0,0,0
Red Sox,47,2,0,0,0,0,0,0,2,0,0,1,0,0,0,1,0,0
Red Sox,49,3,0,0,0,0,0,0,3,0,0,0,0,0,2,1,0,0
Red Sox,50,2,0,0,0,0,0,0,1,1,0,0,1,0,0,1,0,0
Reds,1,17,11,70.4,3645,53.8,555,17.9,11,6,0,8,5,1,3,0,0,0
Reds,2,10,4,24.2,1578,25.2,8,-1,5,5,0,4,3,1,0,1,0,1
Reds,3,11,6,-0.3,39,-0.7,301,0.4,8,3,0,2,2,4,1,1,0,1
Reds,4,9,2,0.9,0,0,29,0.9,6,3,0,4,1,2,1,0,1,0
Reds,5,10,0,0,0,0,0,0,4,5,1,6,1,2,0,1,0,0
Reds,6,10,2,-0.1,4,-0.1,0,0,6,3,1,3,1,1,3,1,1,0
Reds,7,10,2,0.4,0,0,71,0.4,6,3,1,3,4,3,0,0,0,0
Reds,8,9,0,0,0,0,0,0,6,1,2,4,2,1,1,0,0,1
Reds,9,9,1,0.2,95,0.2,0,0,8,1,0,3,2,1,1,0,1,1
Reds,10,10,2,4.4,465,5.4,14,-1,7,2,1,4,0,3,1,2,0,0
Reds,11,10,1,-0.4,0,0,0,0,4,5,1,3,1,1,1,2,2,0
Reds,12,9,1,-0.2,16,-0.2,0,0,3,4,2,4,2,0,1,1,0,1
Reds,13,9,1,-0.1,0,0,0,0,6,2,1,4,1,1,2,1,0,0
Reds,14,9,0,0,0,0,0,0,8,0,1,0,4,3,2,0,0,0
Reds,15,8,0,0,0,0,0,0,7,1,0,5,0,1,1,1,0,0
Reds,16,7,0,0,0,0,0,0,4,3,0,4,0,1,0,0,1,1
Reds,17,5,0,0,0,0,0,0,2,3,0,3,0,0,0,0,1,1
Reds,18,6,1,-0.7,0,0,31,-0.7,4,2,0,2,1,0,1,1,1,0
Reds,19,6,0,0,0,0,0,0,3,1,2,1,2,1,1,0,1,0
Reds,20,7,0,0,0,0,0,0,6,1,0,1,0,1,1,3,1,0
Reds,21,8,2,0.4,0,0,139,0.4,6,2,0,2,3,2,1,0,0,0
Reds,22,9,2,-1.9,0,0,79,-1.9,5,3,1,2,1,3,0,2,1,0
Reds,23,8,1,-0.8,0,0,50,-0.8,6,1,1,1,0,1,6,0,0,0
Reds,24,8,0,0,0,0,0,0,6,0,2,3,0,1,1,2,1,0
Reds,25,8,0,0,0,0,0,0,7,1,0,3,3,1,1,0,0,0
Reds,26,6,1,-0.3,0,0,22,-0.3,4,0,2,3,3,0,0,0,0,0
Reds,27,6,0,0,0,0,0,0,4,2,0,1,1,1,0,3,0,0
Reds,28,3,0,0,0,0,0,0,1,0,2,1,0,2,0,0,0,0
Reds,29,7,0,0,0,0,0,0,5,0,2,2,1,2,1,1,0,0
Reds,30,6,0,0,0,0,0,0,4,1,1,4,1,0,0,1,0,0
Reds,31,5,0,0,0,0,0,0,4,0,1,1,1,2,0,1,0,0
Reds,32,5,1,-0.1,0,0,0,0,5,0,0,2,1,0,2,0,0,0
Reds,33,4,1,0,32,0,0,0,2,2,0,2,0,2,0,0,0,0
Reds,34,7,0,0,0,0,0,0,3,3,1,4,2,0,0,0,1,0
Reds,35,2,0,0,0,0,0,0,2,0,0,2,0,0,0,0,0,0
Reds,36,4,0,0,0,0,0,0,4,0,0,1,1,0,2,0,0,0
Reds,37,3,1,-0.1,10,-0.1,0,0,2,0,1,1,1,1,0,0,0,0
Reds,38,2,0,0,0,0,0,0,2,0,0,0,1,0,0,1,0,0
Reds,39,1,0,0,0,0,0,0,1,0,0,0,0,0,1,0,0,0
Reds,40,1,0,0,0,0,0,0,1,0,0,0,0,0,1,0,0,0
Reds,41,4,0,0,0,0,0,0,4,0,0,0,1,1,2,0,0,0
Reds,42,1,0,0,0,0,0,0,1,0,0,0,0,0,0,1,0,0
Reds,43,2,0,0,0,0,0,0,1,1,0,1,0,1,0,0,0,0
Reds,44,2,0,0,0,0,0,0,1,0,1,0,0,1,0,1,0,0
Reds,45,1,0,0,0,0,0,0,1,0,0,0,0,0,0,1,0,0
Reds,46,1,0,0,0,0,0,0,0,0,1,1,0,0,0,0,0,0
Reds,47,1,0,0,0,0,0,0,1,0,0,1,0,0,0,0,0,0
Reds,48,1,0,0,0,0,0,0,0,1,0,0,0,0,0,0,1,0
Reds,49,2,0,0,0,0,0,0,1,0,1,0,0,0,2,0,0,0
Rockies,1,19,10,38.3,674,19.3,660,19,10,9,0,8,5,3,2,1,0,0
Rockies,2,11,4,51.6,1867,48.5,123,3.1,5,6,0,4,4,2,1,0,0,0
Rockies,3,10,6,-1.4,649,-1.2,11,-0.3,8,2,0,5,1,2,1,1,0,0
Rockies,4,10,1,0.1,10,0.1,0,0,6,3,1,6,1,1,0,2,0,0
Rockies,5,9,1,0.3,137,0.3,0,0,7,1,1,2,2,3,1,1,0,0
Rockies,6,10,1,-0.6,0,0,0,0,7,2,1,3,3,2,2,0,0,0
Rockies,7,10,0,0,0,0,0,0,9,1,0,4,3,1,1,0,0,1
Rockies,8,10,3,13.1,688,11.7,150,1.4,7,2,1,2,4,2,1,1,0,0
Rockies,9,9,2,-5.1,562,-5.1,0,0,8,1,0,2,5,2,0,0,0,0
Rockies,10,10,1,-0.8,52,-0.8,0,0,8,1,1,2,3,2,0,3,0,0
Rockies,11,9,0,0,0,0,0,0,8,1,0,4,2,1,0,2,0,0
Rockies,12,9,0,0,0,0,0,0,7,1,1,4,2,2,0,1,0,0
Rockies,13,10,0,0,0,0,0,0,10,0,0,1,4,3,1,1,0,0
Rockies,14,9,0,0,0,0,0,0,8,1,0,4,3,1,0,1,0,0
Rockies,15,9,1,2.4,0,0,204,2.4,6,1,2,0,3,1,4,0,0,1
Rockies,16,9,0,0,0,0,0,0,6,0,3,4,2,1,1,1,0,0
Rockies,17,10,0,0,0,0,0,0,7,0,3,6,1,1,1,1,0,0
Rockies,18,9,0,0,0,0,0,0,9,0,0,4,2,2,1,0,0,0
Rockies,19,7,1,0.3,88,0.3,0,0,7,0,0,3,2,1,0,1,0,0
Rockies,20,8,2,3.8,0,0,308,3.8,7,1,0,7,1,0,0,0,0,0
Rockies,21,8,0,0,0,0,0,0,7,0,1,4,1,2,0,1,0,0
Rockies,22,9,0,0,0,0,0,0,7,0,2,2,3,2,1,1,0,0
Rockies,23,9,0,0,0,0,0,0,8,0,1,2,0,3,2,1,0,1
Rockies,24,8,3,-1,47,-0.5,77,-0.5,8,0,0,1,3,1,3,0,0,0
Rockies,25,8,1,-0.2,0,0,15,-0.2,8,0,0,3,3,0,1,1,0,0
Rockies,26,9,0,0,0,0,0,0,9,0,0,3,2,2,1,1,0,0
Rockies,27,9,0,0,0,0,0,0,9,0,0,2,4,0,3,0,0,0
Rockies,28,6,0,0,0,0,0,0,6,0,0,3,2,0,0,1,0,0
Rockies,29,6,0,0,0,0,0,0,5,1,0,3,2,0,0,0,0,1
Rockies,30,7,1,-0.3,0,0,5,-0.3,7,0,0,2,2,3,0,0,0,0
Rockies,31,9,0,0,0,0,0,0,7,2,0,6,3,0,0,0,0,0
Rockies,32,3,0,0,0,0,0,0,3,0,0,0,0,2,0,1,0,0
Rockies,33,5,0,0,0,0,0,0,4,0,1,2,1,0,2,0,0,0
Rockies,34,3,0,0,0,0,0,0,3,0,0,0,1,1,1,0,0,0
Rockies,35,2,0,0,0,0,0,0,2,0,0,2,0,0,0,0,0,0
Rockies,36,2,0,0,0,0,0,0,2,0,0,0,1,0,0,1,0,0
Rockies,37,1,0,0,0,0,0,0,0,0,1,1,0,0,0,0,0,0
Rockies,38,1,0,0,0,0,0,0,1,0,0,0,0,0,1,0,0,0
Rockies,39,3,0,0,0,0,0,0,3,0,0,1,2,0,0,0,0,0
Rockies,41,2,0,0,0,0,0,0,2,0,0,1,1,0,0,0,0,0
Rockies,42,1,0,0,0,0,0,0,1,0,0,0,1,0,0,0,0,0
Rockies,43,1,0,0,0,0,0,0,1,0,0,1,0,0,0,0,0,0
Rockies,44,1,0,0,0,0,0,0,1,0,0,0,0,1,0,0,0,0
Rockies,45,1,0,0,0,0,0,0,1,0,0,0,1,0,0,0,0,0
Rockies,46,1,0,0,0,0,0,0,1,0,0,0,0,1,0,0,0,0
Rockies,48,1,0,0,0,0,0,0,1,0,0,1,0,0,0,0,0,0
Rockies,49,1,0,0,0,0,0,0,1,0,0,1,0,0,0,0,0,0
Rockies,50,1,0,0,0,0,0,0,1,0,0,1,0,0,0,0,0,0
Royals,1,13,7,45.7,2408,29.9,292,15.8,5,8,0,3,4,3,0,3,0,0
Royals,2,9,4,-1,478,0.6,37,-1.6,5,3,1,5,2,0,2,0,0,0
Royals,3,10,3,22.7,618,9.6,204,13.1,2,8,0,4,1,3,2,0,0,0
Royals,4,10,3,-0.3,0,0,66,-0.3,5,5,0,6,1,2,0,0,1,0
Royals,5,10,3,1.5,0,0,318,1.5,5,5,0,2,3,3,0,2,0,0
Royals,6,9,2,2.3,0,0,174,2.3,5,3,1,2,1,3,0,1,0,2
Royals,7,9,1,-0.3,0,0,38,-0.3,6,2,1,1,3,2,2,0,0,1
Royals,8,9,2,0.4,35,1.2,44,-0.8,6,2,1,3,2,2,1,1,0,0
Royals,9,9,3,8.8,371,10.2,129,-1.4,6,0,3,4,1,4,0,0,0,0
Royals,10,10,1,11.2,0,0,422,11.2,6,3,1,6,2,1,1,0,0,0
Royals,11,9,1,3.9,342,3.9,0,0,7,2,0,3,2,1,2,0,0,1
Royals,12,8,0,0,0,0,0,0,4,1,3,3,0,3,2,0,0,0
Royals,13,9,2,0.2,112,0.6,3,-0.4,5,2,2,1,1,3,1,3,0,0
Royals,14,10,0,0,0,0,0,0,5,3,2,5,2,0,1,2,0,0
Royals,15,9,0,0,0,0,0,0,7,1,1,3,2,2,1,1,0,0
Royals,16,10,1,1.1,0,0,101,1.1,6,3,1,3,2,4,1,0,0,0
Royals,17,10,0,0,0,0,0,0,6,2,2,3,1,1,1,3,0,1
Royals,18,9,0,0,0,0,0,0,8,0,1,6,1,0,1,1,0,0
Royals,19,7,1,0.4,0,0,45,0.4,5,0,2,2,1,3,0,0,0,1
Royals,20,9,2,-0.6,57,-0.1,15,-0.5,5,1,3,4,1,1,1,2,0,0
Royals,21,8,1,2.2,0,0,81,2.2,5,2,1,3,2,2,1,0,0,0
Royals,22,10,3,3.3,0,0,203,3.3,8,0,2,4,4,1,1,0,0,0
Royals,23,8,0,0,0,0,0,0,4,0,4,1,3,3,1,0,0,0
Royals,24,8,1,-1.1,0,0,52,-1.1,7,0,1,1,4,1,0,2,0,0
Royals,25,8,1,-0.3,243,-0.3,0,0,5,2,1,4,1,2,1,0,0,0
Royals,26,6,0,0,0,0,0,0,4,0,2,2,2,1,1,0,0,0
Royals,27,8,0,0,0,0,0,0,6,1,1,2,0,2,0,3,0,1
Royals,28,7,0,0,0,0,0,0,4,1,2,4,1,1,0,1,0,0
Royals,29,7,1,2.4,0,0,48,2.4,5,2,0,0,0,2,3,1,0,1
Royals,30,8,0,0,0,0,0,0,7,1,0,1,3,1,2,1,0,0
Royals,31,5,0,0,0,0,0,0,2,2,1,2,2,0,0,1,0,0
Royals,32,4,1,-0.2,0,0,64,-0.2,2,0,2,1,1,1,1,0,0,0
Royals,33,5,0,0,0,0,0,0,4,0,1,2,2,1,0,0,0,0
Royals,34,8,0,0,0,0,0,0,4,2,2,3,1,1,2,1,0,0
Royals,35,3,0,0,0,0,0,0,2,1,0,1,1,0,1,0,0,0
Royals,36,4,0,0,0,0,0,0,4,0,0,1,0,1,2,0,0,0
Royals,37,4,1,0.1,0,0,9,0.1,1,2,1,2,1,1,0,0,0,0
Royals,38,4,0,0,0,0,0,0,4,0,0,3,0,1,0,0,0,0
Royals,39,2,0,0,0,0,0,0,2,0,0,0,1,0,1,0,0,0
Royals,40,4,0,0,0,0,0,0,4,0,0,2,1,0,0,1,0,0
Royals,41,3,0,0,0,0,0,0,2,0,1,2,0,1,0,0,0,0
Royals,42,1,0,0,0,0,0,0,1,0,0,1,0,0,0,0,0,0
Royals,43,1,0,0,0,0,0,0,1,0,0,0,1,0,0,0,0,0
Royals,45,3,0,0,0,0,0,0,2,1,0,1,1,0,1,0,0,0
Royals,46,2,0,0,0,0,0,0,2,0,0,1,1,0,0,0,0,0
Royals,47,3,0,0,0,0,0,0,2,1,0,1,0,1,1,0,0,0
Royals,48,1,0,0,0,0,0,0,1,0,0,1,0,0,0,0,0,0
Royals,49,2,0,0,0,0,0,0,2,0,0,2,0,0,0,0,0,0
Royals,50,2,0,0,0,0,0,0,1,1,0,0,0,1,1,0,0,0
Tigers,1,13,8,23.4,755,4,807,19.4,6,7,0,4,3,5,1,0,0,0
Tigers,2,9,6,11.1,592,2,194,9.1,8,1,0,5,1,3,0,0,0,0
Tigers,3,9,4,0.2,150,-1.1,65,1.3,8,1,0,6,1,2,0,0,0,0
Tigers,4,9,2,2.2,0,0,347,2.2,8,1,0,6,0,2,0,0,0,1
Tigers,5,10,3,13,929,14.7,107,-1.7,8,1,1,4,1,3,0,2,0,0
Tigers,6,10,3,-0.4,407,-0.4,1,0,8,1,1,3,0,6,0,1,0,0
Tigers,7,9,1,0.7,0,0,88,0.7,8,1,0,4,2,2,1,0,0,0
Tigers,8,9,3,3.4,297,3.8,40,-0.4,7,1,1,2,0,5,2,0,0,0
Tigers,9,10,0,0,0,0,0,0,10,0,0,6,1,1,2,0,0,0
Tigers,10,9,2,2.1,206,3.1,30,-1,9,0,0,4,1,3,1,0,0,0
Tigers,11,9,2,4.2,0,0,122,4.2,9,0,0,3,2,2,0,2,0,0
Tigers,12,9,1,1.4,0,0,86,1.4,5,2,2,2,1,3,1,2,0,0
Tigers,13,10,1,6.5,313,6.5,0,0,9,1,0,4,1,4,1,0,0,0
Tigers,14,9,0,0,0,0,0,0,8,0,1,5,0,0,1,3,0,0
Tigers,15,8,1,-0.7,18,-0.7,0,0,7,1,0,2,1,2,0,3,0,0
Tigers,16,8,1,0,0,0,10,0,6,1,1,2,1,2,1,1,0,1
Tigers,17,9,1,-0.2,0,0,12,-0.2,8,0,1,3,4,1,0,1,0,0
Tigers,18,7,0,0,0,0,0,0,6,1,0,2,3,0,0,2,0,0
Tigers,19,8,0,0,0,0,0,0,8,0,0,5,1,0,1,1,0,0
Tigers,20,8,0,0,0,0,0,0,7,0,1,3,1,2,0,2,0,0
Tigers,21,7,0,0,0,0,0,0,7,0,0,2,3,0,1,1,0,0
Tigers,22,8,0,0,0,0,0,0,6,0,2,5,0,2,1,0,0,0
Tigers,23,7,0,0,0,0,0,0,6,1,0,2,1,3,0,0,0,1
Tigers,24,9,0,0,0,0,0,0,7,0,2,3,2,2,0,2,0,0
Tigers,25,7,0,0,0,0,0,0,6,0,1,4,1,1,1,0,0,0
Tigers,26,10,1,-0.1,0,0,20,-0.1,5,4,1,6,1,1,1,0,0,1
Tigers,27,8,1,-0.2,0,0,5,-0.2,6,1,1,1,0,2,3,2,0,0
Tigers,28,7,1,-0.3,0,0,4,-0.3,6,1,0,3,1,0,2,1,0,0
Tigers,29,7,0,0,0,0,0,0,6,0,1,4,1,1,0,1,0,0
Tigers,30,8,0,0,0,0,0,0,6,1,1,0,2,4,0,2,0,0
Tigers,31,7,0,0,0,0,0,0,7,0,0,2,0,0,2,3,0,0
Tigers,32,5,0,0,0,0,0,0,5,0,0,3,0,0,0,2,0,0
Tigers,33,5,0,0,0,0,0,0,5,0,0,1,1,1,0,2,0,0
Tigers,34,5,0,0,0,0,0,0,4,1,0,1,0,2,1,0,0,1
Tigers,35,4,0,0,0,0,0,0,2,1,1,0,0,1,1,2,0,0
Tigers,36,4,0,0,0,0,0,0,4,0,0,1,0,0,2,1,0,0
Tigers,37,3,0,0,0,0,0,0,3,0,0,1,0,1,1,0,0,0
Tigers,38,2,0,0,0,0,0,0,1,1,0,1,0,1,0,0,0,0
Tigers,39,1,0,0,0,0,0,0,1,0,0,0,0,0,0,1,0,0
Tigers,40,4,0,0,0,0,0,0,3,1,0,1,0,1,0,2,0,0
Tigers,41,2,0,0,0,0,0,0,1,0,1,1,0,0,1,0,0,0
Tigers,43,1,0,0,0,0,0,0,0,1,0,0,1,0,0,0,0,0
Tigers,44,1,0,0,0,0,0,0,1,0,0,1,0,0,0,0,0,0
Tigers,49,1,0,0,0,0,0,0,1,0,0,0,0,1,0,0,0,0
Twins,1,17,8,36.4,1748,23.6,263,12.8,8,9,0,8,2,2,1,3,0,1
Twins,2,12,4,0.9,187,0.7,63,0.4,6,5,1,7,1,2,0,1,0,1
Twins,3,9,1,-1.2,37,-1.2,0,0,7,2,0,4,1,1,2,0,0,1
Twins,4,10,3,7.7,511,8.5,5,-0.8,5,5,0,2,4,0,1,1,0,2
Twins,5,9,2,-1.3,0,0,114,-1.3,8,1,0,1,2,2,2,1,1,0
Twins,6,10,4,1.6,337,-0.5,41,2.1,6,4,0,5,2,1,1,1,0,0
Twins,7,10,0,0,0,0,0,0,7,2,1,2,2,0,2,2,0,2
Twins,8,9,2,23.7,994,23.8,2,-0.1,7,1,1,5,2,2,0,0,0,0
Twins,9,9,1,0.9,122,0.9,0,0,7,1,1,2,3,1,1,2,0,0
Twins,10,9,0,0,0,0,0,0,7,1,1,7,1,1,0,0,0,0
Twins,11,7,1,3.7,0,0,194,3.7,4,3,0,4,0,1,0,0,0,2
Twins,12,9,0,0,0,0,0,0,8,0,1,3,2,0,2,2,0,0
Twins,13,7,1,-0.1,0,0,54,-0.1,7,0,0,2,1,1,3,0,0,0
Twins,14,8,1,0.3,40,0.3,0,0,6,2,0,2,0,1,3,2,0,0
Twins,15,8,0,0,0,0,0,0,6,1,1,4,3,1,0,0,0,0
Twins,16,9,0,0,0,0,0,0,5,4,0,3,3,0,0,1,0,2
Twins,17,8,0,0,0,0,0,0,5,2,1,4,2,1,0,1,0,0
Twins,18,6,0,0,0,0,0,0,6,0,0,2,1,2,0,1,0,0
Twins,19,7,0,0,0,0,0,0,5,0,2,4,1,1,1,0,0,0
Twins,20,2,0,0,0,0,0,0,1,1,0,1,0,0,1,0,0,0
Twins,21,9,0,0,0,0,0,0,7,0,2,2,3,2,1,1,0,0
Twins,22,4,1,0.9,0,0,105,0.9,4,0,0,2,1,0,1,0,0,0
Twins,23,7,0,0,0,0,0,0,7,0,0,2,2,1,1,1,0,0
Twins,24,5,0,0,0,0,0,0,3,0,2,1,2,1,0,1,0,0
Twins,25,8,0,0,0,0,0,0,6,0,2,2,3,0,0,3,0,0
Twins,26,4,0,0,0,0,0,0,2,2,0,2,0,1,1,0,0,0
Twins,27,3,0,0,0,0,0,0,1,1,1,0,2,0,0,0,0,1
Twins,28,6,0,0,0,0,0,0,5,1,0,2,2,0,0,1,1,0
Twins,29,3,0,0,0,0,0,0,3,0,0,1,1,0,0,1,0,0
Twins,30,5,1,-0.4,0,0,141,-0.4,4,1,0,0,4,0,0,1,0,0
Twins,31,2,0,0,0,0,0,0,2,0,0,0,0,0,1,1,0,0
Twins,32,3,1,-0.1,0,0,5,-0.1,3,0,0,0,2,0,1,0,0,0
Twins,33,6,0,0,0,0,0,0,5,0,1,3,2,1,0,0,0,0
Twins,34,5,0,0,0,0,0,0,5,0,0,0,4,0,1,0,0,0
Twins,35,4,0,0,0,0,0,0,3,0,1,1,1,1,1,0,0,0
Twins,36,4,0,0,0,0,0,0,3,1,0,2,0,0,1,1,0,0
Twins,37,3,0,0,0,0,0,0,1,1,1,1,2,0,0,0,0,0
Twins,38,3,0,0,0,0,0,0,3,0,0,1,0,1,1,0,0,0
Twins,39,3,0,0,0,0,0,0,2,1,0,2,0,0,1,0,0,0
Twins,40,1,0,0,0,0,0,0,1,0,0,0,1,0,0,0,0,0
Twins,41,1,0,0,0,0,0,0,1,0,0,0,1,0,0,0,0,0
Twins,42,2,0,0,0,0,0,0,2,0,0,1,0,0,1,0,0,0
Twins,43,3,0,0,0,0,0,0,1,0,2,1,2,0,0,0,0,0
Twins,44,3,0,0,0,0,0,0,2,1,0,0,0,1,0,2,0,0
Twins,45,2,0,0,0,0,0,0,0,2,0,0,0,0,0,0,0,2
Twins,46,1,1,0.3,0,0,45,0.3,1,0,0,0,0,0,0,1,0,0
Twins,47,1,0,0,0,0,0,0,0,1,0,0,0,0,0,0,0,1
Twins,49,1,0,0,0,0,0,0,1,0,0,0,1,0,0,0,0,0
White Sox,1,13,7,64.5,1632,14.2,432,50.3,9,2,2,9,1,2,0,1,0,0
White Sox,2,9,6,0.8,202,1,403,-0.2,4,5,0,5,2,1,0,1,0,0
White Sox,3,9,5,4.8,235,-0.1,553,4.9,8,0,1,2,3,2,0,2,0,0
White Sox,4,9,0,0,0,0,0,0,6,1,2,3,3,1,1,1,0,0
White Sox,5,10,4,9.3,43,-0.8,581,10.1,8,2,0,4,2,3,1,0,0,0
White Sox,6,9,1,12.2,631,12.2,0,0,6,3,0,2,3,2,1,1,0,0
White Sox,7,9,3,2.5,612,2.5,0,0,7,2,0,1,2,3,1,2,0,0
White Sox,8,8,0,0,0,0,0,0,6,0,2,1,2,1,2,2,0,0
White Sox,9,10,1,-1.1,61,-1.1,0,0,7,1,2,3,2,1,1,3,0,0
White Sox,10,8,1,-0.3,0,0,11,-0.3,7,1,0,3,0,2,0,3,0,0
White Sox,11,9,2,-0.6,0,0,15,-0.6,7,1,1,2,5,1,0,1,0,0
White Sox,12,10,0,0,0,0,0,0,8,2,0,3,3,1,0,3,0,0
White Sox,13,8,0,0,0,0,0,0,6,0,2,3,2,0,2,1,0,0
White Sox,14,7,0,0,0,0,0,0,7,0,0,2,2,0,0,3,0,0
White Sox,15,9,0,0,0,0,0,0,6,3,0,1,2,2,3,1,0,0
White Sox,16,9,1,1.7,0,0,38,1.7,9,0,0,2,4,2,0,1,0,0
White Sox,17,8,0,0,0,0,0,0,7,1,0,6,2,0,0,0,0,0
White Sox,18,10,0,0,0,0,0,0,9,0,1,5,2,2,1,0,0,0
White Sox,19,10,2,-0.3,232,-0.2,62,-0.1,10,0,0,3,3,0,1,3,0,0
White Sox,20,9,0,0,0,0,0,0,7,0,2,3,3,3,0,0,0,0
White Sox,21,8,0,0,0,0,0,0,7,0,1,3,2,1,1,1,0,0
White Sox,22,9,0,0,0,0,0,0,8,0,1,3,3,0,1,2,0,0
White Sox,23,9,1,0,15,0,0,0,9,0,0,2,2,0,2,3,0,0
White Sox,24,9,0,0,0,0,0,0,8,0,1,2,3,1,0,3,0,0
White Sox,25,7,1,4.6,0,0,155,4.6,7,0,0,2,2,0,1,2,0,0
White Sox,26,8,0,0,0,0,0,0,8,0,0,4,2,1,1,0,0,0
White Sox,27,9,0,0,0,0,0,0,8,0,1,1,2,3,2,1,0,0
White Sox,28,8,0,0,0,0,0,0,7,0,1,4,3,0,1,0,0,0
White Sox,29,6,1,0.2,28,0.2,0,0,5,0,1,4,0,1,0,1,0,0
White Sox,30,8,0,0,0,0,0,0,8,0,0,2,3,3,0,0,0,0
White Sox,31,7,0,0,0,0,0,0,7,0,0,3,1,1,2,0,0,0
White Sox,32,7,0,0,0,0,0,0,7,0,0,3,0,2,1,1,0,0
White Sox,33,6,0,0,0,0,0,0,4,1,1,4,1,0,0,1,0,0
White Sox,34,4,0,0,0,0,0,0,4,0,0,2,0,1,0,1,0,0
White Sox,35,4,0,0,0,0,0,0,4,0,0,1,1,1,1,0,0,0
White Sox,36,3,0,0,0,0,0,0,3,0,0,0,1,0,1,1,0,0
White Sox,37,5,0,0,0,0,0,0,3,0,2,1,0,1,3,0,0,0
White Sox,38,4,0,0,0,0,0,0,3,1,0,1,1,0,2,0,0,0
White Sox,39,2,0,0,0,0,0,0,2,0,0,1,0,0,0,1,0,0
White Sox,40,1,0,0,0,0,0,0,0,1,0,0,1,0,0,0,0,0
White Sox,41,2,0,0,0,0,0,0,2,0,0,0,2,0,0,0,0,0
White Sox,42,2,0,0,0,0,0,0,1,0,1,0,0,1,1,0,0,0
White Sox,44,1,1,-0.2,0,0,5,-0.2,1,0,0,1,0,0,0,0,0,0
White Sox,45,3,0,0,0,0,0,0,3,0,0,1,0,1,1,0,0,0
White Sox,46,1,0,0,0,0,0,0,1,0,0,0,0,1,0,0,0,0
White Sox,49,1,0,0,0,0,0,0,1,0,0,0,0,0,0,1,0,0
Yankees,1,12,4,13.2,299,13.2,5,0,6,6,0,2,6,2,1,1,0,0
Yankees,2,9,4,-1.2,567,-1.2,7,0,4,5,0,4,3,1,0,1,0,0
Yankees,3,9,2,-0.4,96,-0.4,0,0,4,5,0,2,2,0,3,2,0,0
Yankees,4,10,5,9.7,135,-0.7,328,10.4,5,4,1,6,2,1,1,0,0,0
Yankees,5,10,5,-0.2,338,-0.3,245,0.1,7,2,1,3,2,4,0,1,0,0
Yankees,6,10,4,3.6,79,1.3,204,2.3,5,4,1,4,2,2,2,0,0,0
Yankees,7,10,2,-0.4,35,-0.3,26,-0.1,7,3,0,4,3,2,1,0,0,0
Yankees,8,10,0,0,0,0,0,0,8,2,0,4,2,2,0,2,0,0
Yankees,9,10,0,0,0,0,0,0,8,2,0,5,2,1,1,1,0,0
Yankees,10,8,3,0.8,257,1,30,-0.2,6,2,0,6,0,0,1,1,0,0
Yankees,11,10,2,-0.4,0,0,9,-0.4,8,2,0,4,2,2,1,1,0,0
Yankees,12,10,1,0,0,0,13,0,5,4,1,3,2,3,1,1,0,0
Yankees,13,10,2,0.8,109,0.1,131,0.7,7,1,2,6,2,2,0,0,0,0
Yankees,14,9,3,4.2,0,0,253,5,7,2,0,5,0,2,1,1,0,0
Yankees,15,9,2,0.2,0,0,292,0.2,4,2,3,5,0,0,3,0,1,0
Yankees,16,6,2,-0.5,0,0,88,-0.5,4,2,0,2,3,0,0,0,1,0
Yankees,17,6,1,0.3,0,0,63,0.3,6,0,0,4,0,0,1,1,0,0
Yankees,18,8,1,-0.8,65,-0.8,0,0,5,3,0,2,3,1,1,1,0,0
Yankees,19,9,1,-0.1,0,0,2,-0.1,8,1,0,2,3,1,1,2,0,0
Yankees,20,8,1,-0.2,0,0,54,-0.2,5,2,1,1,3,2,0,2,0,0
Yankees,21,8,0,0,0,0,0,0,5,0,3,0,2,4,1,1,0,0
Yankees,22,5,1,-0.2,0,0,10,-0.2,4,0,1,1,3,0,0,1,0,0
Yankees,23,8,0,0,0,0,0,0,7,0,1,3,2,1,1,1,0,0
Yankees,24,9,2,0,0,0,4,0,7,1,1,4,2,0,3,0,0,0
Yankees,25,6,0,0,0,0,0,0,6,0,0,2,1,3,0,0,0,0
Yankees,26,4,0,0,0,0,0,0,3,0,1,0,2,1,1,0,0,0
Yankees,27,8,1,-0.2,53,-0.2,0,0,5,2,1,4,2,1,1,0,0,0
Yankees,28,6,0,0,0,0,0,0,5,0,1,2,3,0,0,1,0,0
Yankees,29,3,0,0,0,0,0,0,2,1,0,1,0,1,0,0,0,1
Yankees,30,5,1,1.4,0,0,89,1.4,4,0,1,2,0,1,2,0,0,0
Yankees,31,6,0,0,0,0,0,0,4,1,1,2,1,1,2,0,0,0
Yankees,32,4,0,0,0,0,0,0,4,0,0,1,2,0,1,0,0,0
Yankees,33,4,0,0,0,0,0,0,4,0,0,2,0,0,0,2,0,0
Yankees,34,4,0,0,0,0,0,0,4,0,0,3,0,0,1,0,0,0
Yankees,35,3,0,0,0,0,0,0,2,0,1,0,2,1,0,0,0,0
Yankees,36,6,1,-0.1,0,0,4,-0.1,4,2,0,1,3,1,1,0,0,0
Yankees,37,4,0,0,0,0,0,0,4,0,0,2,0,0,2,0,0,0
Yankees,38,2,0,0,0,0,0,0,1,1,0,0,0,1,1,0,0,0
Yankees,39,3,0,0,0,0,0,0,3,0,0,1,1,0,0,1,0,0
Yankees,40,1,0,0,0,0,0,0,1,0,0,0,0,0,1,0,0,0
Yankees,41,2,0,0,0,0,0,0,1,1,0,0,0,1,1,0,0,0
Yankees,42,2,0,0,0,0,0,0,2,0,0,1,1,0,0,0,0,0
Yankees,43,1,0,0,0,0,0,0,0,0,1,0,0,1,0,0,0,0
Yankees,44,1,0,0,0,0,0,0,0,1,0,0,0,0,1,0,0,0
Yankees,46,2,0,0,0,0,0,0,2,0,0,0,0,0,0,2,0,0
Yankees,47,2,0,0,0,0,0,0,2,0,0,1,0,0,1,0,0,0
Yankees,50,1,0,0,0,0,0,0,1,0,0,0,0,0,1,0,0,0